Timestamp,BR,RtoR
25/05/2019 14:12:20.444,2,0
25/05/2019 14:12:20.500,2,0
25/05/2019 14:12:20.556,2,0
25/05/2019 14:12:20.612,2,0
25/05/2019 14:12:20.668,1,0
25/05/2019 14:12:20.724,1,-0.492
25/05/2019 14:12:20.780,1,-0.492
25/05/2019 14:12:20.836,1,-0.492
25/05/2019 14:12:20.892,0,-0.492
25/05/2019 14:12:20.948,0,0.248
25/05/2019 14:12:21.004,1,0.248
25/05/2019 14:12:21.060,1,0.248
25/05/2019 14:12:21.116,1,0.248
25/05/2019 14:12:21.172,1,0.248
25/05/2019 14:12:21.228,1,-0.276
25/05/2019 14:12:21.284,1,-0.276
25/05/2019 14:12:21.340,1,-0.276
25/05/2019 14:12:21.444,1,-0.276
25/05/2019 14:12:21.500,0,0.216
25/05/2019 14:12:21.556,0,0.216
25/05/2019 14:12:21.612,0,0.216
25/05/2019 14:12:21.668,0,0.216
25/05/2019 14:12:21.724,0,0.216
25/05/2019 14:12:21.780,0,-0.372
25/05/2019 14:12:21.836,0,-0.372
25/05/2019 14:12:21.892,0,-0.372
25/05/2019 14:12:21.948,0,-0.372
25/05/2019 14:12:22.004,0,0.34
25/05/2019 14:12:22.060,0,0.34
25/05/2019 14:12:22.116,0,0.34
25/05/2019 14:12:22.172,0,0.34
25/05/2019 14:12:22.228,0,0.34
25/05/2019 14:12:22.284,0,0.34
25/05/2019 14:12:22.340,0,0.34
25/05/2019 14:12:22.396,2,0.34
25/05/2019 14:12:22.444,20,0.34
25/05/2019 14:12:22.500,49,0.34
25/05/2019 14:12:22.556,94,0.34
25/05/2019 14:12:22.612,133,0.34
25/05/2019 14:12:22.668,178,0.34
25/05/2019 14:12:22.724,215,0.34
25/05/2019 14:12:22.780,242,0.34
25/05/2019 14:12:22.836,267,0.34
25/05/2019 14:12:22.892,283,0.34
25/05/2019 14:12:22.948,296,0.34
25/05/2019 14:12:23.004,304,0.34
25/05/2019 14:12:23.060,307,0.34
25/05/2019 14:12:23.116,307,0.34
25/05/2019 14:12:23.172,304,0.34
25/05/2019 14:12:23.228,298,0.34
25/05/2019 14:12:23.284,289,0.34
25/05/2019 14:12:23.340,282,0.34
25/05/2019 14:12:23.396,273,0.34
25/05/2019 14:12:23.444,265,0.34
25/05/2019 14:12:23.500,258,0.34
25/05/2019 14:12:23.556,249,0.34
25/05/2019 14:12:23.612,243,0.34
25/05/2019 14:12:23.668,234,0.34
25/05/2019 14:12:23.724,227,0.34
25/05/2019 14:12:23.780,217,0.34
25/05/2019 14:12:23.836,206,0.34
25/05/2019 14:12:23.892,196,0.34
25/05/2019 14:12:23.948,183,0.34
25/05/2019 14:12:24.004,171,0.34
25/05/2019 14:12:24.060,157,0.34
25/05/2019 14:12:24.116,143,0.34
25/05/2019 14:12:24.172,130,0.34
25/05/2019 14:12:24.228,117,0.34
25/05/2019 14:12:24.284,105,0.34
25/05/2019 14:12:24.340,91,0.34
25/05/2019 14:12:24.396,77,0.34
25/05/2019 14:12:24.444,67,-2.296
25/05/2019 14:12:24.500,54,-2.296
25/05/2019 14:12:24.556,44,-2.296
25/05/2019 14:12:24.612,31,-2.296
25/05/2019 14:12:24.668,19,-2.296
25/05/2019 14:12:24.724,9,-2.296
25/05/2019 14:12:24.780,-1,-2.296
25/05/2019 14:12:24.836,-11,-2.296
25/05/2019 14:12:24.892,-22,-2.296
25/05/2019 14:12:24.948,-31,-2.296
25/05/2019 14:12:25.004,-39,-2.296
25/05/2019 14:12:25.060,-47,-2.296
25/05/2019 14:12:25.116,-54,-2.296
25/05/2019 14:12:25.172,-62,-2.296
25/05/2019 14:12:25.228,-69,0.712
25/05/2019 14:12:25.284,-75,0.712
25/05/2019 14:12:25.340,-82,0.712
25/05/2019 14:12:25.396,-86,0.712
25/05/2019 14:12:25.444,-92,0.712
25/05/2019 14:12:25.500,-97,0.712
25/05/2019 14:12:25.556,-100,0.712
25/05/2019 14:12:25.612,-102,0.712
25/05/2019 14:12:25.668,-104,0.712
25/05/2019 14:12:25.724,-105,0.712
25/05/2019 14:12:25.780,-105,0.712
25/05/2019 14:12:25.836,-105,0.712
25/05/2019 14:12:25.892,-104,0.712
25/05/2019 14:12:25.948,-104,-0.732
25/05/2019 14:12:26.004,-105,-0.732
25/05/2019 14:12:26.060,-106,-0.732
25/05/2019 14:12:26.116,-110,-0.732
25/05/2019 14:12:26.172,-117,-0.732
25/05/2019 14:12:26.228,-124,-0.732
25/05/2019 14:12:26.284,-128,-0.732
25/05/2019 14:12:26.340,-131,-0.732
25/05/2019 14:12:26.396,-131,-0.732
25/05/2019 14:12:26.444,-131,0.736
25/05/2019 14:12:26.500,-126,0.736
25/05/2019 14:12:26.556,-110,0.736
25/05/2019 14:12:26.612,-81,0.736
25/05/2019 14:12:26.668,-45,0.736
25/05/2019 14:12:26.724,9,0.736
25/05/2019 14:12:26.780,61,0.736
25/05/2019 14:12:26.836,125,0.736
25/05/2019 14:12:26.892,187,0.736
25/05/2019 14:12:26.948,234,0.736
25/05/2019 14:12:27.004,279,0.736
25/05/2019 14:12:27.060,303,0.736
25/05/2019 14:12:27.116,311,0.736
25/05/2019 14:12:27.172,296,0.736
25/05/2019 14:12:27.228,272,0.736
25/05/2019 14:12:27.284,231,0.736
25/05/2019 14:12:27.340,192,0.736
25/05/2019 14:12:27.396,142,0.736
25/05/2019 14:12:27.444,91,0.736
25/05/2019 14:12:27.500,52,0.736
25/05/2019 14:12:27.556,9,0.736
25/05/2019 14:12:27.612,-22,0.736
25/05/2019 14:12:27.668,-54,0.736
25/05/2019 14:12:27.724,-77,0.736
25/05/2019 14:12:27.780,-91,0.736
25/05/2019 14:12:27.836,-101,0.736
25/05/2019 14:12:27.892,-103,-1.452
25/05/2019 14:12:27.948,-103,-1.452
25/05/2019 14:12:28.004,-98,-1.452
25/05/2019 14:12:28.060,-93,-1.452
25/05/2019 14:12:28.116,-85,-1.452
25/05/2019 14:12:28.172,-78,-1.452
25/05/2019 14:12:28.228,-71,-1.452
25/05/2019 14:12:28.284,-63,-1.452
25/05/2019 14:12:28.340,-58,-1.452
25/05/2019 14:12:28.444,-54,-1.452
25/05/2019 14:12:28.500,-52,-1.452
25/05/2019 14:12:28.556,-50,-1.452
25/05/2019 14:12:28.612,-48,-1.452
25/05/2019 14:12:28.668,-48,-1.452
25/05/2019 14:12:28.724,-47,-1.452
25/05/2019 14:12:28.780,-47,-1.452
25/05/2019 14:12:28.836,-46,-1.452
25/05/2019 14:12:28.892,-44,-1.452
25/05/2019 14:12:28.948,-43,-1.452
25/05/2019 14:12:29.004,-41,-1.452
25/05/2019 14:12:29.060,-38,-1.452
25/05/2019 14:12:29.116,-35,-1.452
25/05/2019 14:12:29.172,-32,-1.452
25/05/2019 14:12:29.228,-30,-1.452
25/05/2019 14:12:29.284,-27,-1.452
25/05/2019 14:12:29.340,-25,-1.452
25/05/2019 14:12:29.396,-23,-1.452
25/05/2019 14:12:29.444,-21,-1.452
25/05/2019 14:12:29.500,-19,-1.452
25/05/2019 14:12:29.556,-16,-1.452
25/05/2019 14:12:29.612,-12,-1.452
25/05/2019 14:12:29.668,-7,-1.452
25/05/2019 14:12:29.724,-2,-1.452
25/05/2019 14:12:29.780,1,-1.452
25/05/2019 14:12:29.836,6,-1.452
25/05/2019 14:12:29.892,9,-1.452
25/05/2019 14:12:29.948,13,-1.452
25/05/2019 14:12:30.004,15,-1.452
25/05/2019 14:12:30.060,15,-1.452
25/05/2019 14:12:30.116,15,-1.452
25/05/2019 14:12:30.172,14,2.176
25/05/2019 14:12:30.228,11,2.176
25/05/2019 14:12:30.284,9,2.176
25/05/2019 14:12:30.340,5,2.176
25/05/2019 14:12:30.396,2,2.176
25/05/2019 14:12:30.444,-1,2.176
25/05/2019 14:12:30.500,-6,2.176
25/05/2019 14:12:30.556,-10,2.176
25/05/2019 14:12:30.612,-15,2.176
25/05/2019 14:12:30.668,-19,2.176
25/05/2019 14:12:30.724,-22,2.176
25/05/2019 14:12:30.780,-27,2.176
25/05/2019 14:12:30.836,-31,2.176
25/05/2019 14:12:30.892,-34,-0.764
25/05/2019 14:12:30.948,-39,-0.764
25/05/2019 14:12:31.004,-43,-0.764
25/05/2019 14:12:31.060,-47,-0.764
25/05/2019 14:12:31.116,-51,-0.764
25/05/2019 14:12:31.172,-54,-0.764
25/05/2019 14:12:31.228,-56,-0.764
25/05/2019 14:12:31.284,-58,-0.764
25/05/2019 14:12:31.340,-60,-0.764
25/05/2019 14:12:31.396,-60,-0.764
25/05/2019 14:12:31.444,-60,-0.764
25/05/2019 14:12:31.500,-60,-0.764
25/05/2019 14:12:31.556,-60,-0.764
25/05/2019 14:12:31.612,-60,-0.764
25/05/2019 14:12:31.668,-59,0.772
25/05/2019 14:12:31.724,-59,0.772
25/05/2019 14:12:31.780,-59,0.772
25/05/2019 14:12:31.836,-59,0.772
25/05/2019 14:12:31.892,-58,0.772
25/05/2019 14:12:31.948,-57,0.772
25/05/2019 14:12:32.004,-57,0.772
25/05/2019 14:12:32.060,-57,0.772
25/05/2019 14:12:32.116,-56,0.772
25/05/2019 14:12:32.172,-54,0.772
25/05/2019 14:12:32.228,-53,0.772
25/05/2019 14:12:32.284,-52,0.772
25/05/2019 14:12:32.340,-50,0.772
25/05/2019 14:12:32.396,-49,-0.744
25/05/2019 14:12:32.444,-48,-0.744
25/05/2019 14:12:32.500,-47,-0.744
25/05/2019 14:12:32.556,-46,-0.744
25/05/2019 14:12:32.612,-46,-0.744
25/05/2019 14:12:32.668,-44,-0.744
25/05/2019 14:12:32.724,-43,-0.744
25/05/2019 14:12:32.780,-44,-0.744
25/05/2019 14:12:32.836,-43,-0.744
25/05/2019 14:12:32.892,-44,-0.744
25/05/2019 14:12:32.948,-46,-0.744
25/05/2019 14:12:33.004,-47,-0.744
25/05/2019 14:12:33.060,-47,-0.744
25/05/2019 14:12:33.116,-46,0.768
25/05/2019 14:12:33.172,-44,0.768
25/05/2019 14:12:33.228,-41,0.768
25/05/2019 14:12:33.284,-40,0.768
25/05/2019 14:12:33.340,-38,0.768
25/05/2019 14:12:33.396,-36,0.768
25/05/2019 14:12:33.444,-35,0.768
25/05/2019 14:12:33.500,-34,0.768
25/05/2019 14:12:33.556,-33,0.768
25/05/2019 14:12:33.612,-32,0.768
25/05/2019 14:12:33.668,-31,0.768
25/05/2019 14:12:33.724,-31,0.768
25/05/2019 14:12:33.780,-31,0.768
25/05/2019 14:12:33.836,-30,0.768
25/05/2019 14:12:33.892,-29,-0.752
25/05/2019 14:12:33.948,-27,-0.752
25/05/2019 14:12:34.004,-26,-0.752
25/05/2019 14:12:34.060,-25,-0.752
25/05/2019 14:12:34.116,-24,-0.752
25/05/2019 14:12:34.172,-23,-0.752
25/05/2019 14:12:34.228,-22,-0.752
25/05/2019 14:12:34.284,-20,-0.752
25/05/2019 14:12:34.340,-19,-0.752
25/05/2019 14:12:34.396,-17,-0.752
25/05/2019 14:12:34.444,-16,-0.752
25/05/2019 14:12:34.500,-14,-0.752
25/05/2019 14:12:34.556,-13,-0.752
25/05/2019 14:12:34.612,-12,-0.752
25/05/2019 14:12:34.668,-10,-0.752
25/05/2019 14:12:34.724,-7,-0.752
25/05/2019 14:12:34.780,-5,-0.752
25/05/2019 14:12:34.836,-1,0.796
25/05/2019 14:12:34.892,1,0.796
25/05/2019 14:12:34.948,5,0.796
25/05/2019 14:12:35.004,10,0.796
25/05/2019 14:12:35.060,13,0.796
25/05/2019 14:12:35.116,18,0.796
25/05/2019 14:12:35.172,21,0.796
25/05/2019 14:12:35.228,25,0.796
25/05/2019 14:12:35.284,30,0.796
25/05/2019 14:12:35.340,34,0.796
25/05/2019 14:12:35.444,40,0.796
25/05/2019 14:12:35.500,48,0.796
25/05/2019 14:12:35.556,60,0.796
25/05/2019 14:12:35.612,73,0.796
25/05/2019 14:12:35.668,85,-0.78
25/05/2019 14:12:35.724,99,-0.78
25/05/2019 14:12:35.780,109,-0.78
25/05/2019 14:12:35.836,119,-0.78
25/05/2019 14:12:35.892,125,-0.78
25/05/2019 14:12:35.948,129,-0.78
25/05/2019 14:12:36.004,132,-0.78
25/05/2019 14:12:36.060,134,-0.78
25/05/2019 14:12:36.116,135,-0.78
25/05/2019 14:12:36.172,137,-0.78
25/05/2019 14:12:36.228,137,-0.78
25/05/2019 14:12:36.284,137,-0.78
25/05/2019 14:12:36.340,136,-0.78
25/05/2019 14:12:36.396,133,0.776
25/05/2019 14:12:36.444,128,0.776
25/05/2019 14:12:36.500,123,0.776
25/05/2019 14:12:36.556,116,0.776
25/05/2019 14:12:36.612,110,0.776
25/05/2019 14:12:36.668,101,0.776
25/05/2019 14:12:36.724,93,0.776
25/05/2019 14:12:36.780,85,0.776
25/05/2019 14:12:36.836,77,0.776
25/05/2019 14:12:36.892,70,0.776
25/05/2019 14:12:36.948,61,0.776
25/05/2019 14:12:37.004,53,0.776
25/05/2019 14:12:37.060,47,0.776
25/05/2019 14:12:37.116,40,-0.8
25/05/2019 14:12:37.172,35,-0.8
25/05/2019 14:12:37.228,30,-0.8
25/05/2019 14:12:37.284,27,-0.8
25/05/2019 14:12:37.340,25,-0.8
25/05/2019 14:12:37.396,24,-0.8
25/05/2019 14:12:37.444,25,-0.8
25/05/2019 14:12:37.500,25,-0.8
25/05/2019 14:12:37.556,27,-0.8
25/05/2019 14:12:37.612,29,-0.8
25/05/2019 14:12:37.668,30,-0.8
25/05/2019 14:12:37.724,31,-0.8
25/05/2019 14:12:37.780,31,-0.8
25/05/2019 14:12:37.836,30,0.768
25/05/2019 14:12:37.892,29,0.768
25/05/2019 14:12:37.948,26,0.768
25/05/2019 14:12:38.004,23,0.768
25/05/2019 14:12:38.060,17,0.768
25/05/2019 14:12:38.116,11,0.768
25/05/2019 14:12:38.172,5,0.768
25/05/2019 14:12:38.228,-1,0.768
25/05/2019 14:12:38.284,-8,0.768
25/05/2019 14:12:38.340,-15,0.768
25/05/2019 14:12:38.396,-23,0.768
25/05/2019 14:12:38.444,-30,0.768
25/05/2019 14:12:38.500,-37,0.768
25/05/2019 14:12:38.556,-43,0.768
25/05/2019 14:12:38.612,-49,-0.744
25/05/2019 14:12:38.668,-53,-0.744
25/05/2019 14:12:38.724,-55,-0.744
25/05/2019 14:12:38.780,-57,-0.744
25/05/2019 14:12:38.836,-57,-0.744
25/05/2019 14:12:38.892,-57,-0.744
25/05/2019 14:12:38.948,-57,-0.744
25/05/2019 14:12:39.004,-58,-0.744
25/05/2019 14:12:39.060,-59,-0.744
25/05/2019 14:12:39.116,-61,-0.744
25/05/2019 14:12:39.172,-65,-0.744
25/05/2019 14:12:39.228,-69,-0.744
25/05/2019 14:12:39.284,-72,-0.744
25/05/2019 14:12:39.340,-76,0.788
25/05/2019 14:12:39.396,-80,0.788
25/05/2019 14:12:39.444,-84,0.788
25/05/2019 14:12:39.500,-89,0.788
25/05/2019 14:12:39.556,-93,0.788
25/05/2019 14:12:39.612,-97,0.788
25/05/2019 14:12:39.668,-100,0.788
25/05/2019 14:12:39.724,-103,0.788
25/05/2019 14:12:39.780,-104,0.788
25/05/2019 14:12:39.836,-103,0.788
25/05/2019 14:12:39.892,-101,0.788
25/05/2019 14:12:39.948,-99,0.788
25/05/2019 14:12:40.004,-96,0.788
25/05/2019 14:12:40.060,-92,0.788
25/05/2019 14:12:40.116,-89,0.788
25/05/2019 14:12:40.172,-85,0.788
25/05/2019 14:12:40.228,-80,0.788
25/05/2019 14:12:40.284,-75,0.788
25/05/2019 14:12:40.340,-72,-0.796
25/05/2019 14:12:40.396,-68,-0.796
25/05/2019 14:12:40.444,-64,-0.796
25/05/2019 14:12:40.500,-59,-0.796
25/05/2019 14:12:40.556,-53,-0.796
25/05/2019 14:12:40.612,-44,-0.796
25/05/2019 14:12:40.668,-34,-0.796
25/05/2019 14:12:40.724,-19,-0.796
25/05/2019 14:12:40.780,-5,-0.796
25/05/2019 14:12:40.836,11,-0.796
25/05/2019 14:12:40.892,28,-0.796
25/05/2019 14:12:40.948,43,-0.796
25/05/2019 14:12:41.004,59,-0.796
25/05/2019 14:12:41.060,72,0.78
25/05/2019 14:12:41.116,84,0.78
25/05/2019 14:12:41.172,93,0.78
25/05/2019 14:12:41.228,100,0.78
25/05/2019 14:12:41.284,105,0.78
25/05/2019 14:12:41.340,108,0.78
25/05/2019 14:12:41.396,110,0.78
25/05/2019 14:12:41.444,110,0.78
25/05/2019 14:12:41.500,109,0.78
25/05/2019 14:12:41.556,106,0.78
25/05/2019 14:12:41.612,104,0.78
25/05/2019 14:12:41.668,100,0.78
25/05/2019 14:12:41.724,95,0.78
25/05/2019 14:12:41.780,89,-0.74
25/05/2019 14:12:41.836,83,-0.74
25/05/2019 14:12:41.892,75,-0.74
25/05/2019 14:12:41.948,66,-0.74
25/05/2019 14:12:42.004,56,-0.74
25/05/2019 14:12:42.060,46,-0.74
25/05/2019 14:12:42.116,36,-0.74
25/05/2019 14:12:42.172,26,-0.74
25/05/2019 14:12:42.228,15,-0.74
25/05/2019 14:12:42.284,4,-0.74
25/05/2019 14:12:42.340,-4,-0.74
25/05/2019 14:12:42.444,-15,-0.74
25/05/2019 14:12:42.500,-25,-0.74
25/05/2019 14:12:42.556,-36,-0.74
25/05/2019 14:12:42.612,-48,0.78
25/05/2019 14:12:42.668,-59,0.78
25/05/2019 14:12:42.724,-71,0.78
25/05/2019 14:12:42.780,-82,0.78
25/05/2019 14:12:42.836,-92,0.78
25/05/2019 14:12:42.892,-95,0.78
25/05/2019 14:12:42.948,-95,0.78
25/05/2019 14:12:43.004,-91,0.78
25/05/2019 14:12:43.060,-86,0.78
25/05/2019 14:12:43.116,-78,0.78
25/05/2019 14:12:43.172,-69,0.78
25/05/2019 14:12:43.228,-61,0.78
25/05/2019 14:12:43.284,-50,0.78
25/05/2019 14:12:43.340,-42,-0.772
25/05/2019 14:12:43.396,-31,-0.772
25/05/2019 14:12:43.444,-22,-0.772
25/05/2019 14:12:43.500,-15,-0.772
25/05/2019 14:12:43.556,-7,-0.772
25/05/2019 14:12:43.612,-1,-0.772
25/05/2019 14:12:43.668,4,-0.772
25/05/2019 14:12:43.724,10,-0.772
25/05/2019 14:12:43.780,14,-0.772
25/05/2019 14:12:43.836,17,-0.772
25/05/2019 14:12:43.892,19,-0.772
25/05/2019 14:12:43.948,20,-0.772
25/05/2019 14:12:44.004,19,-0.772
25/05/2019 14:12:44.060,17,0.76
25/05/2019 14:12:44.116,13,0.76
25/05/2019 14:12:44.172,10,0.76
25/05/2019 14:12:44.228,3,0.76
25/05/2019 14:12:44.284,-3,0.76
25/05/2019 14:12:44.340,-8,0.76
25/05/2019 14:12:44.396,-15,0.76
25/05/2019 14:12:44.444,-21,0.76
25/05/2019 14:12:44.500,-26,0.76
25/05/2019 14:12:44.556,-32,0.76
25/05/2019 14:12:44.612,-35,0.76
25/05/2019 14:12:44.668,-38,0.76
25/05/2019 14:12:44.724,-38,0.76
25/05/2019 14:12:44.780,-33,0.76
25/05/2019 14:12:44.836,-22,0.76
25/05/2019 14:12:44.892,-9,0.76
25/05/2019 14:12:44.948,8,0.76
25/05/2019 14:12:45.004,26,0.76
25/05/2019 14:12:45.060,48,0.76
25/05/2019 14:12:45.116,69,0.76
25/05/2019 14:12:45.172,85,0.76
25/05/2019 14:12:45.228,102,0.76
25/05/2019 14:12:45.284,114,0.76
25/05/2019 14:12:45.340,126,0.76
25/05/2019 14:12:45.396,133,0.76
25/05/2019 14:12:45.444,138,0.76
25/05/2019 14:12:45.500,141,0.76
25/05/2019 14:12:45.556,143,-1.528
25/05/2019 14:12:45.612,142,-1.528
25/05/2019 14:12:45.668,140,-1.528
25/05/2019 14:12:45.724,138,-1.528
25/05/2019 14:12:45.780,132,-1.528
25/05/2019 14:12:45.836,127,-1.528
25/05/2019 14:12:45.892,120,-1.528
25/05/2019 14:12:45.948,112,-1.528
25/05/2019 14:12:46.004,104,-1.528
25/05/2019 14:12:46.060,94,-1.528
25/05/2019 14:12:46.116,86,-1.528
25/05/2019 14:12:46.172,76,-1.528
25/05/2019 14:12:46.228,65,-1.528
25/05/2019 14:12:46.284,57,0.744
25/05/2019 14:12:46.340,47,0.744
25/05/2019 14:12:46.396,39,0.744
25/05/2019 14:12:46.444,29,0.744
25/05/2019 14:12:46.500,21,0.744
25/05/2019 14:12:46.556,13,0.744
25/05/2019 14:12:46.612,4,0.744
25/05/2019 14:12:46.668,-3,0.744
25/05/2019 14:12:46.724,-10,0.744
25/05/2019 14:12:46.780,-19,0.744
25/05/2019 14:12:46.836,-26,0.744
25/05/2019 14:12:46.892,-35,0.744
25/05/2019 14:12:46.948,-42,0.744
25/05/2019 14:12:47.004,-50,-0.804
25/05/2019 14:12:47.060,-58,-0.804
25/05/2019 14:12:47.116,-62,-0.804
25/05/2019 14:12:47.172,-68,-0.804
25/05/2019 14:12:47.228,-72,-0.804
25/05/2019 14:12:47.284,-77,-0.804
25/05/2019 14:12:47.340,-80,-0.804
25/05/2019 14:12:47.396,-82,-0.804
25/05/2019 14:12:47.444,-84,-0.804
25/05/2019 14:12:47.500,-86,-0.804
25/05/2019 14:12:47.556,-87,-0.804
25/05/2019 14:12:47.612,-88,-0.804
25/05/2019 14:12:47.668,-89,-0.804
25/05/2019 14:12:47.724,-89,-0.804
25/05/2019 14:12:47.780,-89,-0.804
25/05/2019 14:12:47.836,-89,-0.804
25/05/2019 14:12:47.892,-87,-0.804
25/05/2019 14:12:47.948,-87,-0.804
25/05/2019 14:12:48.004,-85,0.792
25/05/2019 14:12:48.060,-84,0.792
25/05/2019 14:12:48.116,-82,0.792
25/05/2019 14:12:48.172,-81,0.792
25/05/2019 14:12:48.228,-79,0.792
25/05/2019 14:12:48.284,-77,0.792
25/05/2019 14:12:48.340,-76,0.792
25/05/2019 14:12:48.396,-73,0.792
25/05/2019 14:12:48.444,-69,0.792
25/05/2019 14:12:48.500,-65,0.792
25/05/2019 14:12:48.556,-60,0.792
25/05/2019 14:12:48.612,-55,0.792
25/05/2019 14:12:48.668,-48,0.792
25/05/2019 14:12:48.724,-41,-0.784
25/05/2019 14:12:48.780,-35,-0.784
25/05/2019 14:12:48.836,-27,-0.784
25/05/2019 14:12:48.892,-19,-0.784
25/05/2019 14:12:48.948,-6,-0.784
25/05/2019 14:12:49.004,7,-0.784
25/05/2019 14:12:49.060,21,-0.784
25/05/2019 14:12:49.116,38,-0.784
25/05/2019 14:12:49.172,53,-0.784
25/05/2019 14:12:49.228,70,-0.784
25/05/2019 14:12:49.284,86,-0.784
25/05/2019 14:12:49.340,98,-0.784
25/05/2019 14:12:49.444,111,-0.784
25/05/2019 14:12:49.500,118,-0.784
25/05/2019 14:12:49.556,126,0.756
25/05/2019 14:12:49.612,131,0.756
25/05/2019 14:12:49.668,134,0.756
25/05/2019 14:12:49.724,135,0.756
25/05/2019 14:12:49.780,134,0.756
25/05/2019 14:12:49.836,133,0.756
25/05/2019 14:12:49.892,129,0.756
25/05/2019 14:12:49.948,126,0.756
25/05/2019 14:12:50.004,122,0.756
25/05/2019 14:12:50.060,117,0.756
25/05/2019 14:12:50.116,112,0.756
25/05/2019 14:12:50.172,105,0.756
25/05/2019 14:12:50.228,100,0.756
25/05/2019 14:12:50.284,93,-0.74
25/05/2019 14:12:50.340,86,-0.74
25/05/2019 14:12:50.396,77,-0.74
25/05/2019 14:12:50.444,67,-0.74
25/05/2019 14:12:50.500,59,-0.74
25/05/2019 14:12:50.556,47,-0.74
25/05/2019 14:12:50.612,37,-0.74
25/05/2019 14:12:50.668,25,-0.74
25/05/2019 14:12:50.724,13,-0.74
25/05/2019 14:12:50.780,2,-0.74
25/05/2019 14:12:50.836,-9,-0.74
25/05/2019 14:12:50.892,-20,-0.74
25/05/2019 14:12:50.948,-32,-0.74
25/05/2019 14:12:51.004,-42,0.768
25/05/2019 14:12:51.060,-51,0.768
25/05/2019 14:12:51.116,-60,0.768
25/05/2019 14:12:51.172,-67,0.768
25/05/2019 14:12:51.228,-73,0.768
25/05/2019 14:12:51.284,-80,0.768
25/05/2019 14:12:51.340,-83,0.768
25/05/2019 14:12:51.396,-86,0.768
25/05/2019 14:12:51.444,-88,0.768
25/05/2019 14:12:51.500,-90,0.768
25/05/2019 14:12:51.556,-91,0.768
25/05/2019 14:12:51.612,-90,0.768
25/05/2019 14:12:51.668,-89,0.768
25/05/2019 14:12:51.724,-89,-0.764
25/05/2019 14:12:51.780,-87,-0.764
25/05/2019 14:12:51.836,-85,-0.764
25/05/2019 14:12:51.892,-82,-0.764
25/05/2019 14:12:51.948,-80,-0.764
25/05/2019 14:12:52.004,-78,-0.764
25/05/2019 14:12:52.060,-75,-0.764
25/05/2019 14:12:52.116,-72,-0.764
25/05/2019 14:12:52.172,-71,-0.764
25/05/2019 14:12:52.228,-67,-0.764
25/05/2019 14:12:52.284,-66,-0.764
25/05/2019 14:12:52.340,-63,-0.764
25/05/2019 14:12:52.396,-60,-0.764
25/05/2019 14:12:52.444,-57,-0.764
25/05/2019 14:12:52.500,-53,0.784
25/05/2019 14:12:52.556,-50,0.784
25/05/2019 14:12:52.612,-46,0.784
25/05/2019 14:12:52.668,-41,0.784
25/05/2019 14:12:52.724,-37,0.784
25/05/2019 14:12:52.780,-31,0.784
25/05/2019 14:12:52.836,-25,0.784
25/05/2019 14:12:52.892,-16,0.784
25/05/2019 14:12:52.948,-5,0.784
25/05/2019 14:12:53.004,5,0.784
25/05/2019 14:12:53.060,19,0.784
25/05/2019 14:12:53.116,31,0.784
25/05/2019 14:12:53.172,44,0.784
25/05/2019 14:12:53.228,58,-0.772
25/05/2019 14:12:53.284,69,-0.772
25/05/2019 14:12:53.340,82,-0.772
25/05/2019 14:12:53.396,93,-0.772
25/05/2019 14:12:53.444,108,-0.772
25/05/2019 14:12:53.500,122,-0.772
25/05/2019 14:12:53.556,135,-0.772
25/05/2019 14:12:53.612,148,-0.772
25/05/2019 14:12:53.668,158,-0.772
25/05/2019 14:12:53.724,165,-0.772
25/05/2019 14:12:53.780,171,-0.772
25/05/2019 14:12:53.836,172,-0.772
25/05/2019 14:12:53.892,171,-0.772
25/05/2019 14:12:53.948,169,0.74
25/05/2019 14:12:54.004,163,0.74
25/05/2019 14:12:54.060,156,0.74
25/05/2019 14:12:54.116,149,0.74
25/05/2019 14:12:54.172,139,0.74
25/05/2019 14:12:54.228,131,0.74
25/05/2019 14:12:54.284,120,0.74
25/05/2019 14:12:54.340,111,0.74
25/05/2019 14:12:54.396,102,0.74
25/05/2019 14:12:54.444,94,0.74
25/05/2019 14:12:54.500,87,0.74
25/05/2019 14:12:54.556,79,0.74
25/05/2019 14:12:54.612,72,0.74
25/05/2019 14:12:54.668,65,0.74
25/05/2019 14:12:54.724,58,-0.752
25/05/2019 14:12:54.780,52,-0.752
25/05/2019 14:12:54.836,43,-0.752
25/05/2019 14:12:54.892,34,-0.752
25/05/2019 14:12:54.948,25,-0.752
25/05/2019 14:12:55.004,14,-0.752
25/05/2019 14:12:55.060,4,-0.752
25/05/2019 14:12:55.116,-6,-0.752
25/05/2019 14:12:55.172,-19,-0.752
25/05/2019 14:12:55.228,-27,-0.752
25/05/2019 14:12:55.284,-39,-0.752
25/05/2019 14:12:55.340,-48,-0.752
25/05/2019 14:12:55.396,-58,-0.752
25/05/2019 14:12:55.444,-68,0.792
25/05/2019 14:12:55.500,-75,0.792
25/05/2019 14:12:55.556,-84,0.792
25/05/2019 14:12:55.612,-91,0.792
25/05/2019 14:12:55.668,-100,0.792
25/05/2019 14:12:55.724,-108,0.792
25/05/2019 14:12:55.780,-115,0.792
25/05/2019 14:12:55.836,-123,0.792
25/05/2019 14:12:55.892,-130,0.792
25/05/2019 14:12:55.948,-137,0.792
25/05/2019 14:12:56.004,-144,0.792
25/05/2019 14:12:56.060,-149,0.792
25/05/2019 14:12:56.116,-155,0.792
25/05/2019 14:12:56.172,-159,0.792
25/05/2019 14:12:56.228,-163,0.792
25/05/2019 14:12:56.284,-163,0.792
25/05/2019 14:12:56.340,-159,0.792
25/05/2019 14:12:56.444,-153,0.792
25/05/2019 14:12:56.500,-148,-0.776
25/05/2019 14:12:56.556,-140,-0.776
25/05/2019 14:12:56.612,-133,-0.776
25/05/2019 14:12:56.668,-127,-0.776
25/05/2019 14:12:56.724,-119,-0.776
25/05/2019 14:12:56.780,-113,-0.776
25/05/2019 14:12:56.836,-104,-0.776
25/05/2019 14:12:56.892,-95,-0.776
25/05/2019 14:12:56.948,-87,-0.776
25/05/2019 14:12:57.004,-77,-0.776
25/05/2019 14:12:57.060,-68,-0.776
25/05/2019 14:12:57.116,-57,-0.776
25/05/2019 14:12:57.172,-46,-0.776
25/05/2019 14:12:57.228,-37,0.768
25/05/2019 14:12:57.284,-26,0.768
25/05/2019 14:12:57.340,-18,0.768
25/05/2019 14:12:57.396,-7,0.768
25/05/2019 14:12:57.444,3,0.768
25/05/2019 14:12:57.500,12,0.768
25/05/2019 14:12:57.556,23,0.768
25/05/2019 14:12:57.612,33,0.768
25/05/2019 14:12:57.668,45,0.768
25/05/2019 14:12:57.724,57,0.768
25/05/2019 14:12:57.780,66,0.768
25/05/2019 14:12:57.836,76,0.768
25/05/2019 14:12:57.892,84,0.768
25/05/2019 14:12:57.948,92,-0.744
25/05/2019 14:12:58.004,100,-0.744
25/05/2019 14:12:58.060,105,-0.744
25/05/2019 14:12:58.116,109,-0.744
25/05/2019 14:12:58.172,112,-0.744
25/05/2019 14:12:58.228,115,-0.744
25/05/2019 14:12:58.284,117,-0.744
25/05/2019 14:12:58.340,117,-0.744
25/05/2019 14:12:58.396,118,-0.744
25/05/2019 14:12:58.444,117,-0.744
25/05/2019 14:12:58.500,115,-0.744
25/05/2019 14:12:58.556,113,-0.744
25/05/2019 14:12:58.612,110,-0.744
25/05/2019 14:12:58.668,107,0.72
25/05/2019 14:12:58.724,105,0.72
25/05/2019 14:12:58.780,101,0.72
25/05/2019 14:12:58.836,99,0.72
25/05/2019 14:12:58.892,98,0.72
25/05/2019 14:12:58.948,97,0.72
25/05/2019 14:12:59.004,96,0.72
25/05/2019 14:12:59.060,97,0.72
25/05/2019 14:12:59.116,99,0.72
25/05/2019 14:12:59.172,100,0.72
25/05/2019 14:12:59.228,99,0.72
25/05/2019 14:12:59.284,99,0.72
25/05/2019 14:12:59.340,98,0.72
25/05/2019 14:12:59.396,96,0.72
25/05/2019 14:12:59.444,93,-0.752
25/05/2019 14:12:59.500,89,-0.752
25/05/2019 14:12:59.556,83,-0.752
25/05/2019 14:12:59.612,77,-0.752
25/05/2019 14:12:59.668,70,-0.752
25/05/2019 14:12:59.724,63,-0.752
25/05/2019 14:12:59.780,55,-0.752
25/05/2019 14:12:59.836,50,-0.752
25/05/2019 14:12:59.892,42,-0.752
25/05/2019 14:12:59.948,34,-0.752
25/05/2019 14:13:00.004,28,-0.752
25/05/2019 14:13:00.060,20,-0.752
25/05/2019 14:13:00.116,14,-0.752
25/05/2019 14:13:00.172,6,0.788
25/05/2019 14:13:00.228,0,0.788
25/05/2019 14:13:00.284,-7,0.788
25/05/2019 14:13:00.340,-14,0.788
25/05/2019 14:13:00.396,-21,0.788
25/05/2019 14:13:00.444,-30,0.788
25/05/2019 14:13:00.500,-39,0.788
25/05/2019 14:13:00.556,-47,0.788
25/05/2019 14:13:00.612,-56,0.788
25/05/2019 14:13:00.668,-64,0.788
25/05/2019 14:13:00.724,-74,0.788
25/05/2019 14:13:00.780,-83,0.788
25/05/2019 14:13:00.836,-89,0.788
25/05/2019 14:13:00.892,-95,-0.776
25/05/2019 14:13:00.948,-100,-0.776
25/05/2019 14:13:01.004,-104,-0.776
25/05/2019 14:13:01.060,-106,-0.776
25/05/2019 14:13:01.116,-106,-0.776
25/05/2019 14:13:01.172,-105,-0.776
25/05/2019 14:13:01.228,-101,-0.776
25/05/2019 14:13:01.284,-96,-0.776
25/05/2019 14:13:01.340,-89,-0.776
25/05/2019 14:13:01.396,-83,-0.776
25/05/2019 14:13:01.444,-72,-0.776
25/05/2019 14:13:01.500,-62,-0.776
25/05/2019 14:13:01.556,-48,-0.776
25/05/2019 14:13:01.612,-30,-0.776
25/05/2019 14:13:01.668,-14,0.764
25/05/2019 14:13:01.724,7,0.764
25/05/2019 14:13:01.780,27,0.764
25/05/2019 14:13:01.836,53,0.764
25/05/2019 14:13:01.892,79,0.764
25/05/2019 14:13:01.948,99,0.764
25/05/2019 14:13:02.004,121,0.764
25/05/2019 14:13:02.060,137,0.764
25/05/2019 14:13:02.116,155,0.764
25/05/2019 14:13:02.172,169,0.764
25/05/2019 14:13:02.228,178,0.764
25/05/2019 14:13:02.284,188,0.764
25/05/2019 14:13:02.340,192,0.764
25/05/2019 14:13:02.396,196,-0.748
25/05/2019 14:13:02.444,195,-0.748
25/05/2019 14:13:02.500,194,-0.748
25/05/2019 14:13:02.556,190,-0.748
25/05/2019 14:13:02.612,185,-0.748
25/05/2019 14:13:02.668,179,-0.748
25/05/2019 14:13:02.724,172,-0.748
25/05/2019 14:13:02.780,166,-0.748
25/05/2019 14:13:02.836,159,-0.748
25/05/2019 14:13:02.892,153,-0.748
25/05/2019 14:13:02.948,145,-0.748
25/05/2019 14:13:03.004,137,-0.748
25/05/2019 14:13:03.060,131,-0.748
25/05/2019 14:13:03.116,123,0.716
25/05/2019 14:13:03.172,116,0.716
25/05/2019 14:13:03.228,106,0.716
25/05/2019 14:13:03.284,97,0.716
25/05/2019 14:13:03.340,88,0.716
25/05/2019 14:13:03.444,77,0.716
25/05/2019 14:13:03.500,69,0.716
25/05/2019 14:13:03.556,58,0.716
25/05/2019 14:13:03.612,48,0.716
25/05/2019 14:13:03.668,41,0.716
25/05/2019 14:13:03.724,32,0.716
25/05/2019 14:13:03.780,26,0.716
25/05/2019 14:13:03.836,17,0.716
25/05/2019 14:13:03.892,10,-0.752
25/05/2019 14:13:03.948,4,-0.752
25/05/2019 14:13:04.004,-3,-0.752
25/05/2019 14:13:04.060,-11,-0.752
25/05/2019 14:13:04.116,-21,-0.752
25/05/2019 14:13:04.172,-32,-0.752
25/05/2019 14:13:04.228,-43,-0.752
25/05/2019 14:13:04.284,-56,-0.752
25/05/2019 14:13:04.340,-69,-0.752
25/05/2019 14:13:04.396,-83,-0.752
25/05/2019 14:13:04.444,-98,-0.752
25/05/2019 14:13:04.500,-109,-0.752
25/05/2019 14:13:04.556,-125,-0.752
25/05/2019 14:13:04.612,-137,-0.752
25/05/2019 14:13:04.668,-152,0.768
25/05/2019 14:13:04.724,-166,0.768
25/05/2019 14:13:04.780,-177,0.768
25/05/2019 14:13:04.836,-190,0.768
25/05/2019 14:13:04.892,-200,0.768
25/05/2019 14:13:04.948,-211,0.768
25/05/2019 14:13:05.004,-219,0.768
25/05/2019 14:13:05.060,-226,0.768
25/05/2019 14:13:05.116,-230,0.768
25/05/2019 14:13:05.172,-232,0.768
25/05/2019 14:13:05.228,-232,0.768
25/05/2019 14:13:05.284,-231,0.768
25/05/2019 14:13:05.340,-229,0.768
25/05/2019 14:13:05.396,-226,-0.752
25/05/2019 14:13:05.444,-223,-0.752
25/05/2019 14:13:05.500,-219,-0.752
25/05/2019 14:13:05.556,-214,-0.752
25/05/2019 14:13:05.612,-208,-0.752
25/05/2019 14:13:05.668,-199,-0.752
25/05/2019 14:13:05.724,-190,-0.752
25/05/2019 14:13:05.780,-178,-0.752
25/05/2019 14:13:05.836,-165,-0.752
25/05/2019 14:13:05.892,-154,-0.752
25/05/2019 14:13:05.948,-139,-0.752
25/05/2019 14:13:06.004,-128,-0.752
25/05/2019 14:13:06.060,-114,-0.752
25/05/2019 14:13:06.116,-100,0.772
25/05/2019 14:13:06.172,-88,0.772
25/05/2019 14:13:06.228,-73,0.772
25/05/2019 14:13:06.284,-61,0.772
25/05/2019 14:13:06.340,-47,0.772
25/05/2019 14:13:06.396,-33,0.772
25/05/2019 14:13:06.444,-23,0.772
25/05/2019 14:13:06.500,-10,0.772
25/05/2019 14:13:06.556,0,0.772
25/05/2019 14:13:06.612,9,0.772
25/05/2019 14:13:06.668,19,0.772
25/05/2019 14:13:06.724,27,0.772
25/05/2019 14:13:06.780,34,0.772
25/05/2019 14:13:06.836,40,0.772
25/05/2019 14:13:06.892,45,-0.732
25/05/2019 14:13:06.948,49,-0.732
25/05/2019 14:13:07.004,52,-0.732
25/05/2019 14:13:07.060,54,-0.732
25/05/2019 14:13:07.116,56,-0.732
25/05/2019 14:13:07.172,59,-0.732
25/05/2019 14:13:07.228,62,-0.732
25/05/2019 14:13:07.284,65,-0.732
25/05/2019 14:13:07.340,73,-0.732
25/05/2019 14:13:07.396,79,-0.732
25/05/2019 14:13:07.444,88,-0.732
25/05/2019 14:13:07.500,97,-0.732
25/05/2019 14:13:07.556,103,-0.732
25/05/2019 14:13:07.612,110,0.724
25/05/2019 14:13:07.668,114,0.724
25/05/2019 14:13:07.724,118,0.724
25/05/2019 14:13:07.780,120,0.724
25/05/2019 14:13:07.836,120,0.724
25/05/2019 14:13:07.892,120,0.724
25/05/2019 14:13:07.948,119,0.724
25/05/2019 14:13:08.004,115,0.724
25/05/2019 14:13:08.060,111,0.724
25/05/2019 14:13:08.116,106,0.724
25/05/2019 14:13:08.172,101,0.724
25/05/2019 14:13:08.228,95,0.724
25/05/2019 14:13:08.284,89,0.724
25/05/2019 14:13:08.340,80,-0.712
25/05/2019 14:13:08.396,74,-0.712
25/05/2019 14:13:08.444,67,-0.712
25/05/2019 14:13:08.500,61,-0.712
25/05/2019 14:13:08.556,55,-0.712
25/05/2019 14:13:08.612,47,-0.712
25/05/2019 14:13:08.668,42,-0.712
25/05/2019 14:13:08.724,36,-0.712
25/05/2019 14:13:08.780,31,-0.712
25/05/2019 14:13:08.836,25,-0.712
25/05/2019 14:13:08.892,19,-0.712
25/05/2019 14:13:08.948,13,-0.712
25/05/2019 14:13:09.004,7,-0.712
25/05/2019 14:13:09.060,1,0.728
25/05/2019 14:13:09.116,-3,0.728
25/05/2019 14:13:09.172,-11,0.728
25/05/2019 14:13:09.228,-16,0.728
25/05/2019 14:13:09.284,-24,0.728
25/05/2019 14:13:09.340,-31,0.728
25/05/2019 14:13:09.396,-39,0.728
25/05/2019 14:13:09.444,-48,0.728
25/05/2019 14:13:09.500,-56,0.728
25/05/2019 14:13:09.556,-65,0.728
25/05/2019 14:13:09.612,-71,0.728
25/05/2019 14:13:09.668,-79,0.728
25/05/2019 14:13:09.724,-86,0.728
25/05/2019 14:13:09.780,-91,0.728
25/05/2019 14:13:09.836,-97,-0.732
25/05/2019 14:13:09.892,-101,-0.732
25/05/2019 14:13:09.948,-106,-0.732
25/05/2019 14:13:10.004,-109,-0.732
25/05/2019 14:13:10.060,-110,-0.732
25/05/2019 14:13:10.116,-110,-0.732
25/05/2019 14:13:10.172,-109,-0.732
25/05/2019 14:13:10.228,-107,-0.732
25/05/2019 14:13:10.284,-103,-0.732
25/05/2019 14:13:10.340,-98,-0.732
25/05/2019 14:13:10.444,-91,-0.732
25/05/2019 14:13:10.500,-84,-0.732
25/05/2019 14:13:10.556,-74,-0.732
25/05/2019 14:13:10.612,-62,0.756
25/05/2019 14:13:10.668,-53,0.756
25/05/2019 14:13:10.724,-42,0.756
25/05/2019 14:13:10.780,-33,0.756
25/05/2019 14:13:10.836,-22,0.756
25/05/2019 14:13:10.892,-12,0.756
25/05/2019 14:13:10.948,-4,0.756
25/05/2019 14:13:11.004,5,0.756
25/05/2019 14:13:11.060,13,0.756
25/05/2019 14:13:11.116,22,0.756
25/05/2019 14:13:11.172,29,0.756
25/05/2019 14:13:11.228,35,0.756
25/05/2019 14:13:11.284,41,0.756
25/05/2019 14:13:11.340,45,-0.72
25/05/2019 14:13:11.396,50,-0.72
25/05/2019 14:13:11.444,54,-0.72
25/05/2019 14:13:11.500,57,-0.72
25/05/2019 14:13:11.556,59,-0.72
25/05/2019 14:13:11.612,61,-0.72
25/05/2019 14:13:11.668,62,-0.72
25/05/2019 14:13:11.724,63,-0.72
25/05/2019 14:13:11.780,63,-0.72
25/05/2019 14:13:11.836,62,-0.72
25/05/2019 14:13:11.892,61,-0.72
25/05/2019 14:13:11.948,59,-0.72
25/05/2019 14:13:12.004,56,-0.72
25/05/2019 14:13:12.060,54,-0.72
25/05/2019 14:13:12.116,51,0.716
25/05/2019 14:13:12.172,48,0.716
25/05/2019 14:13:12.228,45,0.716
25/05/2019 14:13:12.284,44,0.716
25/05/2019 14:13:12.340,45,0.716
25/05/2019 14:13:12.396,48,0.716
25/05/2019 14:13:12.444,52,0.716
25/05/2019 14:13:12.500,58,0.716
25/05/2019 14:13:12.556,63,0.716
25/05/2019 14:13:12.612,67,0.716
25/05/2019 14:13:12.668,72,0.716
25/05/2019 14:13:12.724,74,0.716
25/05/2019 14:13:12.780,76,0.716
25/05/2019 14:13:12.836,77,-0.752
25/05/2019 14:13:12.892,76,-0.752
25/05/2019 14:13:12.948,75,-0.752
25/05/2019 14:13:13.004,74,-0.752
25/05/2019 14:13:13.060,70,-0.752
25/05/2019 14:13:13.116,67,-0.752
25/05/2019 14:13:13.172,63,-0.752
25/05/2019 14:13:13.228,58,-0.752
25/05/2019 14:13:13.284,54,-0.752
25/05/2019 14:13:13.340,49,-0.752
25/05/2019 14:13:13.396,43,-0.752
25/05/2019 14:13:13.444,38,-0.752
25/05/2019 14:13:13.500,30,-0.752
25/05/2019 14:13:13.556,23,0.792
25/05/2019 14:13:13.612,13,0.792
25/05/2019 14:13:13.668,2,0.792
25/05/2019 14:13:13.724,-7,0.792
25/05/2019 14:13:13.780,-19,0.792
25/05/2019 14:13:13.836,-29,0.792
25/05/2019 14:13:13.892,-43,0.792
25/05/2019 14:13:13.948,-57,0.792
25/05/2019 14:13:14.004,-68,0.792
25/05/2019 14:13:14.060,-82,0.792
25/05/2019 14:13:14.116,-92,0.792
25/05/2019 14:13:14.172,-103,0.792
25/05/2019 14:13:14.228,-114,0.792
25/05/2019 14:13:14.284,-122,-0.788
25/05/2019 14:13:14.340,-130,-0.788
25/05/2019 14:13:14.396,-135,-0.788
25/05/2019 14:13:14.444,-141,-0.788
25/05/2019 14:13:14.500,-146,-0.788
25/05/2019 14:13:14.556,-149,-0.788
25/05/2019 14:13:14.612,-152,-0.788
25/05/2019 14:13:14.668,-153,-0.788
25/05/2019 14:13:14.724,-153,-0.788
25/05/2019 14:13:14.780,-152,-0.788
25/05/2019 14:13:14.836,-151,-0.788
25/05/2019 14:13:14.892,-149,-0.788
25/05/2019 14:13:14.948,-145,-0.788
25/05/2019 14:13:15.004,-142,-0.788
25/05/2019 14:13:15.060,-137,0.772
25/05/2019 14:13:15.116,-134,0.772
25/05/2019 14:13:15.172,-129,0.772
25/05/2019 14:13:15.228,-125,0.772
25/05/2019 14:13:15.284,-120,0.772
25/05/2019 14:13:15.340,-115,0.772
25/05/2019 14:13:15.396,-111,0.772
25/05/2019 14:13:15.444,-104,0.772
25/05/2019 14:13:15.500,-99,0.772
25/05/2019 14:13:15.556,-91,0.772
25/05/2019 14:13:15.612,-81,0.772
25/05/2019 14:13:15.668,-73,0.772
25/05/2019 14:13:15.724,-63,0.772
25/05/2019 14:13:15.780,-53,-0.76
25/05/2019 14:13:15.836,-41,-0.76
25/05/2019 14:13:15.892,-29,-0.76
25/05/2019 14:13:15.948,-18,-0.76
25/05/2019 14:13:16.004,-5,-0.76
25/05/2019 14:13:16.060,4,-0.76
25/05/2019 14:13:16.116,17,-0.76
25/05/2019 14:13:16.172,31,-0.76
25/05/2019 14:13:16.228,42,-0.76
25/05/2019 14:13:16.284,54,-0.76
25/05/2019 14:13:16.340,65,-0.76
25/05/2019 14:13:16.396,78,-0.76
25/05/2019 14:13:16.444,88,-0.76
25/05/2019 14:13:16.500,97,0.712
25/05/2019 14:13:16.556,105,0.712
25/05/2019 14:13:16.612,110,0.712
25/05/2019 14:13:16.668,116,0.712
25/05/2019 14:13:16.724,122,0.712
25/05/2019 14:13:16.780,125,0.712
25/05/2019 14:13:16.836,128,0.712
25/05/2019 14:13:16.892,129,0.712
25/05/2019 14:13:16.948,131,0.712
25/05/2019 14:13:17.004,133,0.712
25/05/2019 14:13:17.060,133,0.712
25/05/2019 14:13:17.116,132,0.712
25/05/2019 14:13:17.172,131,0.712
25/05/2019 14:13:17.228,130,0.712
25/05/2019 14:13:17.284,127,-0.7
25/05/2019 14:13:17.340,124,-0.7
25/05/2019 14:13:17.444,121,-0.7
25/05/2019 14:13:17.500,117,-0.7
25/05/2019 14:13:17.556,113,-0.7
25/05/2019 14:13:17.612,109,-0.7
25/05/2019 14:13:17.668,104,-0.7
25/05/2019 14:13:17.724,100,-0.7
25/05/2019 14:13:17.780,95,-0.7
25/05/2019 14:13:17.836,89,-0.7
25/05/2019 14:13:17.892,83,-0.7
25/05/2019 14:13:17.948,77,-0.7
25/05/2019 14:13:18.004,70,-0.7
25/05/2019 14:13:18.060,65,-0.7
25/05/2019 14:13:18.116,58,-0.7
25/05/2019 14:13:18.172,51,-0.7
25/05/2019 14:13:18.228,45,-0.7
25/05/2019 14:13:18.284,36,-0.7
25/05/2019 14:13:18.340,29,-0.7
25/05/2019 14:13:18.396,19,-0.7
25/05/2019 14:13:18.444,9,-0.7
25/05/2019 14:13:18.500,0,-0.7
25/05/2019 14:13:18.556,-11,-0.7
25/05/2019 14:13:18.612,-20,-0.7
25/05/2019 14:13:18.668,-31,-0.7
25/05/2019 14:13:18.724,-42,-0.7
25/05/2019 14:13:18.780,-50,1.444
25/05/2019 14:13:18.836,-58,1.444
25/05/2019 14:13:18.892,-64,1.444
25/05/2019 14:13:18.948,-71,1.444
25/05/2019 14:13:19.004,-75,1.444
25/05/2019 14:13:19.060,-78,1.444
25/05/2019 14:13:19.116,-80,1.444
25/05/2019 14:13:19.172,-82,1.444
25/05/2019 14:13:19.228,-83,1.444
25/05/2019 14:13:19.284,-85,1.444
25/05/2019 14:13:19.340,-86,1.444
25/05/2019 14:13:19.396,-88,1.444
25/05/2019 14:13:19.444,-89,1.444
25/05/2019 14:13:19.500,-90,-0.704
25/05/2019 14:13:19.556,-92,-0.704
25/05/2019 14:13:19.612,-93,-0.704
25/05/2019 14:13:19.668,-93,-0.704
25/05/2019 14:13:19.724,-93,-0.704
25/05/2019 14:13:19.780,-92,-0.704
25/05/2019 14:13:19.836,-91,-0.704
25/05/2019 14:13:19.892,-90,-0.704
25/05/2019 14:13:19.948,-88,-0.704
25/05/2019 14:13:20.004,-86,-0.704
25/05/2019 14:13:20.060,-83,-0.704
25/05/2019 14:13:20.116,-78,-0.704
25/05/2019 14:13:20.172,-73,-0.704
25/05/2019 14:13:20.228,-65,-0.704
25/05/2019 14:13:20.284,-60,0.736
25/05/2019 14:13:20.340,-53,0.736
25/05/2019 14:13:20.396,-47,0.736
25/05/2019 14:13:20.444,-43,0.736
25/05/2019 14:13:20.500,-38,0.736
25/05/2019 14:13:20.556,-33,0.736
25/05/2019 14:13:20.612,-27,0.736
25/05/2019 14:13:20.668,-19,0.736
25/05/2019 14:13:20.724,-10,0.736
25/05/2019 14:13:20.780,2,0.736
25/05/2019 14:13:20.836,16,0.736
25/05/2019 14:13:20.892,33,0.736
25/05/2019 14:13:20.948,51,0.736
25/05/2019 14:13:21.004,66,-0.728
25/05/2019 14:13:21.060,83,-0.728
25/05/2019 14:13:21.116,96,-0.728
25/05/2019 14:13:21.172,108,-0.728
25/05/2019 14:13:21.228,119,-0.728
25/05/2019 14:13:21.284,126,-0.728
25/05/2019 14:13:21.340,132,-0.728
25/05/2019 14:13:21.396,135,-0.728
25/05/2019 14:13:21.444,138,-0.728
25/05/2019 14:13:21.500,139,0.712
25/05/2019 14:13:21.556,139,0.712
25/05/2019 14:13:21.612,136,0.712
25/05/2019 14:13:21.668,132,0.712
25/05/2019 14:13:21.724,127,0.712
25/05/2019 14:13:21.780,120,0.712
25/05/2019 14:13:21.836,113,0.712
25/05/2019 14:13:21.892,104,0.712
25/05/2019 14:13:21.948,97,0.712
25/05/2019 14:13:22.004,87,0.712
25/05/2019 14:13:22.060,76,0.712
25/05/2019 14:13:22.116,69,0.712
25/05/2019 14:13:22.172,59,0.712
25/05/2019 14:13:22.228,50,-0.728
25/05/2019 14:13:22.284,40,-0.728
25/05/2019 14:13:22.340,30,-0.728
25/05/2019 14:13:22.396,24,-0.728
25/05/2019 14:13:22.444,16,-0.728
25/05/2019 14:13:22.500,10,-0.728
25/05/2019 14:13:22.556,4,-0.728
25/05/2019 14:13:22.612,-2,-0.728
25/05/2019 14:13:22.668,-5,-0.728
25/05/2019 14:13:22.724,-10,-0.728
25/05/2019 14:13:22.780,-12,-0.728
25/05/2019 14:13:22.836,-16,-0.728
25/05/2019 14:13:22.892,-18,-0.728
25/05/2019 14:13:22.948,-21,0.768
25/05/2019 14:13:23.004,-23,0.768
25/05/2019 14:13:23.060,-24,0.768
25/05/2019 14:13:23.116,-26,0.768
25/05/2019 14:13:23.172,-27,0.768
25/05/2019 14:13:23.228,-28,0.768
25/05/2019 14:13:23.284,-31,0.768
25/05/2019 14:13:23.340,-32,0.768
25/05/2019 14:13:23.396,-35,0.768
25/05/2019 14:13:23.444,-38,0.768
25/05/2019 14:13:23.500,-42,0.768
25/05/2019 14:13:23.556,-47,0.768
25/05/2019 14:13:23.612,-52,0.768
25/05/2019 14:13:23.668,-57,0.768
25/05/2019 14:13:23.724,-62,0.768
25/05/2019 14:13:23.780,-66,0.768
25/05/2019 14:13:23.836,-70,0.768
25/05/2019 14:13:23.892,-74,0.768
25/05/2019 14:13:23.948,-78,-0.776
25/05/2019 14:13:24.004,-82,-0.776
25/05/2019 14:13:24.060,-86,-0.776
25/05/2019 14:13:24.116,-92,-0.776
25/05/2019 14:13:24.172,-97,-0.776
25/05/2019 14:13:24.228,-103,-0.776
25/05/2019 14:13:24.284,-111,-0.776
25/05/2019 14:13:24.340,-116,-0.776
25/05/2019 14:13:24.444,-123,-0.776
25/05/2019 14:13:24.500,-128,-0.776
25/05/2019 14:13:24.556,-132,-0.776
25/05/2019 14:13:24.612,-137,-0.776
25/05/2019 14:13:24.668,-138,-0.776
25/05/2019 14:13:24.724,-137,0.776
25/05/2019 14:13:24.780,-135,0.776
25/05/2019 14:13:24.836,-130,0.776
25/05/2019 14:13:24.892,-126,0.776
25/05/2019 14:13:24.948,-122,0.776
25/05/2019 14:13:25.004,-118,0.776
25/05/2019 14:13:25.060,-114,0.776
25/05/2019 14:13:25.116,-110,0.776
25/05/2019 14:13:25.172,-105,0.776
25/05/2019 14:13:25.228,-100,0.776
25/05/2019 14:13:25.284,-94,0.776
25/05/2019 14:13:25.340,-89,0.776
25/05/2019 14:13:25.396,-83,0.776
25/05/2019 14:13:25.444,-76,0.776
25/05/2019 14:13:25.500,-69,0.776
25/05/2019 14:13:25.556,-62,0.776
25/05/2019 14:13:25.612,-55,0.776
25/05/2019 14:13:25.668,-47,0.776
25/05/2019 14:13:25.724,-37,0.776
25/05/2019 14:13:25.780,-29,0.776
25/05/2019 14:13:25.836,-19,0.776
25/05/2019 14:13:25.892,-11,0.776
25/05/2019 14:13:25.948,-1,0.776
25/05/2019 14:13:26.004,7,0.776
25/05/2019 14:13:26.060,13,0.776
25/05/2019 14:13:26.116,21,0.776
25/05/2019 14:13:26.172,26,0.776
25/05/2019 14:13:26.228,31,-1.496
25/05/2019 14:13:26.284,36,-1.496
25/05/2019 14:13:26.340,39,-1.496
25/05/2019 14:13:26.396,42,-1.496
25/05/2019 14:13:26.444,45,-1.496
25/05/2019 14:13:26.500,47,-1.496
25/05/2019 14:13:26.556,50,-1.496
25/05/2019 14:13:26.612,53,-1.496
25/05/2019 14:13:26.668,55,-1.496
25/05/2019 14:13:26.724,58,-1.496
25/05/2019 14:13:26.780,63,-1.496
25/05/2019 14:13:26.836,66,-1.496
25/05/2019 14:13:26.892,69,-1.496
25/05/2019 14:13:26.948,72,0.724
25/05/2019 14:13:27.004,75,0.724
25/05/2019 14:13:27.060,77,0.724
25/05/2019 14:13:27.116,79,0.724
25/05/2019 14:13:27.172,80,0.724
25/05/2019 14:13:27.228,80,0.724
25/05/2019 14:13:27.284,81,0.724
25/05/2019 14:13:27.340,82,0.724
25/05/2019 14:13:27.396,82,0.724
25/05/2019 14:13:27.444,81,0.724
25/05/2019 14:13:27.500,81,0.724
25/05/2019 14:13:27.556,81,0.724
25/05/2019 14:13:27.612,80,0.724
25/05/2019 14:13:27.668,79,0.724
25/05/2019 14:13:27.724,78,-0.716
25/05/2019 14:13:27.780,76,-0.716
25/05/2019 14:13:27.836,74,-0.716
25/05/2019 14:13:27.892,72,-0.716
25/05/2019 14:13:27.948,71,-0.716
25/05/2019 14:13:28.004,70,-0.716
25/05/2019 14:13:28.060,68,-0.716
25/05/2019 14:13:28.116,69,-0.716
25/05/2019 14:13:28.172,68,0.712
25/05/2019 14:13:28.228,68,0.712
25/05/2019 14:13:28.284,68,0.712
25/05/2019 14:13:28.340,69,0.712
25/05/2019 14:13:28.396,69,0.712
25/05/2019 14:13:28.444,70,0.712
25/05/2019 14:13:28.500,72,0.712
25/05/2019 14:13:28.556,75,0.712
25/05/2019 14:13:28.612,81,0.712
25/05/2019 14:13:28.668,85,0.712
25/05/2019 14:13:28.724,93,0.712
25/05/2019 14:13:28.780,101,0.712
25/05/2019 14:13:28.836,108,0.712
25/05/2019 14:13:28.892,116,0.712
25/05/2019 14:13:28.948,121,-0.724
25/05/2019 14:13:29.004,129,-0.724
25/05/2019 14:13:29.060,135,-0.724
25/05/2019 14:13:29.116,139,-0.724
25/05/2019 14:13:29.172,143,-0.724
25/05/2019 14:13:29.228,144,-0.724
25/05/2019 14:13:29.284,145,-0.724
25/05/2019 14:13:29.340,144,-0.724
25/05/2019 14:13:29.396,142,-0.724
25/05/2019 14:13:29.444,137,-0.724
25/05/2019 14:13:29.500,131,-0.724
25/05/2019 14:13:29.556,121,-0.724
25/05/2019 14:13:29.612,108,-0.724
25/05/2019 14:13:29.668,95,0.764
25/05/2019 14:13:29.724,77,0.764
25/05/2019 14:13:29.780,60,0.764
25/05/2019 14:13:29.836,38,0.764
25/05/2019 14:13:29.892,14,0.764
25/05/2019 14:13:29.948,-5,0.764
25/05/2019 14:13:30.004,-27,0.764
25/05/2019 14:13:30.060,-46,0.764
25/05/2019 14:13:30.116,-68,0.764
25/05/2019 14:13:30.172,-87,0.764
25/05/2019 14:13:30.228,-101,0.764
25/05/2019 14:13:30.284,-116,0.764
25/05/2019 14:13:30.340,-125,0.764
25/05/2019 14:13:30.396,-136,0.764
25/05/2019 14:13:30.444,-143,0.764
25/05/2019 14:13:30.500,-148,0.764
25/05/2019 14:13:30.556,-151,0.764
25/05/2019 14:13:30.612,-152,0.764
25/05/2019 14:13:30.668,-151,-0.816
25/05/2019 14:13:30.724,-150,-0.816
25/05/2019 14:13:30.780,-147,-0.816
25/05/2019 14:13:30.836,-143,-0.816
25/05/2019 14:13:30.892,-138,-0.816
25/05/2019 14:13:30.948,-132,-0.816
25/05/2019 14:13:31.004,-126,-0.816
25/05/2019 14:13:31.060,-120,-0.816
25/05/2019 14:13:31.116,-113,-0.816
25/05/2019 14:13:31.172,-108,-0.816
25/05/2019 14:13:31.228,-103,-0.816
25/05/2019 14:13:31.284,-99,-0.816
25/05/2019 14:13:31.340,-96,-0.816
25/05/2019 14:13:31.444,-94,0.804
25/05/2019 14:13:31.500,-93,0.804
25/05/2019 14:13:31.556,-93,0.804
25/05/2019 14:13:31.612,-95,0.804
25/05/2019 14:13:31.668,-96,0.804
25/05/2019 14:13:31.724,-98,0.804
25/05/2019 14:13:31.780,-100,0.804
25/05/2019 14:13:31.836,-100,0.804
25/05/2019 14:13:31.892,-101,0.804
25/05/2019 14:13:31.948,-101,0.804
25/05/2019 14:13:32.004,-101,0.804
25/05/2019 14:13:32.060,-100,0.804
25/05/2019 14:13:32.116,-97,0.804
25/05/2019 14:13:32.172,-95,-0.852
25/05/2019 14:13:32.228,-92,-0.852
25/05/2019 14:13:32.284,-89,-0.852
25/05/2019 14:13:32.340,-85,-0.852
25/05/2019 14:13:32.396,-80,-0.852
25/05/2019 14:13:32.444,-74,-0.852
25/05/2019 14:13:32.500,-67,-0.852
25/05/2019 14:13:32.556,-58,-0.852
25/05/2019 14:13:32.612,-48,-0.852
25/05/2019 14:13:32.668,-36,-0.852
25/05/2019 14:13:32.724,-24,-0.852
25/05/2019 14:13:32.780,-13,-0.852
25/05/2019 14:13:32.836,-1,-0.852
25/05/2019 14:13:32.892,9,-0.852
25/05/2019 14:13:32.948,22,0.724
25/05/2019 14:13:33.004,33,0.724
25/05/2019 14:13:33.060,43,0.724
25/05/2019 14:13:33.116,54,0.724
25/05/2019 14:13:33.172,63,0.724
25/05/2019 14:13:33.228,75,0.724
25/05/2019 14:13:33.284,88,0.724
25/05/2019 14:13:33.340,99,0.724
25/05/2019 14:13:33.396,114,0.724
25/05/2019 14:13:33.444,128,0.724
25/05/2019 14:13:33.500,144,0.724
25/05/2019 14:13:33.556,161,0.724
25/05/2019 14:13:33.612,174,0.724
25/05/2019 14:13:33.668,188,-0.736
25/05/2019 14:13:33.724,197,-0.736
25/05/2019 14:13:33.780,208,-0.736
25/05/2019 14:13:33.836,217,-0.736
25/05/2019 14:13:33.892,224,-0.736
25/05/2019 14:13:33.948,229,-0.736
25/05/2019 14:13:34.004,233,-0.736
25/05/2019 14:13:34.060,235,-0.736
25/05/2019 14:13:34.116,237,-0.736
25/05/2019 14:13:34.172,238,-0.736
25/05/2019 14:13:34.228,237,-0.736
25/05/2019 14:13:34.284,235,-0.736
25/05/2019 14:13:34.340,231,-0.736
25/05/2019 14:13:34.396,225,0.732
25/05/2019 14:13:34.444,219,0.732
25/05/2019 14:13:34.500,210,0.732
25/05/2019 14:13:34.556,202,0.732
25/05/2019 14:13:34.612,191,0.732
25/05/2019 14:13:34.668,178,0.732
25/05/2019 14:13:34.724,167,0.732
25/05/2019 14:13:34.780,153,0.732
25/05/2019 14:13:34.836,140,0.732
25/05/2019 14:13:34.892,124,0.732
25/05/2019 14:13:34.948,108,0.732
25/05/2019 14:13:35.004,95,0.732
25/05/2019 14:13:35.060,79,0.732
25/05/2019 14:13:35.116,67,-0.748
25/05/2019 14:13:35.172,51,-0.748
25/05/2019 14:13:35.228,37,-0.748
25/05/2019 14:13:35.284,25,-0.748
25/05/2019 14:13:35.340,13,-0.748
25/05/2019 14:13:35.396,4,-0.748
25/05/2019 14:13:35.444,-6,-0.748
25/05/2019 14:13:35.500,-16,-0.748
25/05/2019 14:13:35.556,-24,-0.748
25/05/2019 14:13:35.612,-32,-0.748
25/05/2019 14:13:35.668,-38,-0.748
25/05/2019 14:13:35.724,-46,-0.748
25/05/2019 14:13:35.780,-53,-0.748
25/05/2019 14:13:35.836,-58,-0.748
25/05/2019 14:13:35.892,-65,0.756
25/05/2019 14:13:35.948,-70,0.756
25/05/2019 14:13:36.004,-75,0.756
25/05/2019 14:13:36.060,-78,0.756
25/05/2019 14:13:36.116,-82,0.756
25/05/2019 14:13:36.172,-85,0.756
25/05/2019 14:13:36.228,-89,0.756
25/05/2019 14:13:36.284,-94,0.756
25/05/2019 14:13:36.340,-100,0.756
25/05/2019 14:13:36.396,-105,0.756
25/05/2019 14:13:36.444,-113,0.756
25/05/2019 14:13:36.500,-119,0.756
25/05/2019 14:13:36.556,-128,0.756
25/05/2019 14:13:36.612,-137,-0.776
25/05/2019 14:13:36.668,-144,-0.776
25/05/2019 14:13:36.724,-152,-0.776
25/05/2019 14:13:36.780,-158,-0.776
25/05/2019 14:13:36.836,-165,-0.776
25/05/2019 14:13:36.892,-171,-0.776
25/05/2019 14:13:36.948,-175,-0.776
25/05/2019 14:13:37.004,-180,-0.776
25/05/2019 14:13:37.060,-183,-0.776
25/05/2019 14:13:37.116,-187,-0.776
25/05/2019 14:13:37.172,-190,-0.776
25/05/2019 14:13:37.228,-193,-0.776
25/05/2019 14:13:37.284,-195,-0.776
25/05/2019 14:13:37.340,-197,0.768
25/05/2019 14:13:37.396,-197,0.768
25/05/2019 14:13:37.444,-193,0.768
25/05/2019 14:13:37.500,-188,0.768
25/05/2019 14:13:37.556,-180,0.768
25/05/2019 14:13:37.612,-172,0.768
25/05/2019 14:13:37.668,-164,0.768
25/05/2019 14:13:37.724,-155,0.768
25/05/2019 14:13:37.780,-148,0.768
25/05/2019 14:13:37.836,-140,0.768
25/05/2019 14:13:37.892,-134,0.768
25/05/2019 14:13:37.948,-127,0.768
25/05/2019 14:13:38.004,-119,0.768
25/05/2019 14:13:38.060,-113,0.768
25/05/2019 14:13:38.116,-106,0.768
25/05/2019 14:13:38.172,-101,0.768
25/05/2019 14:13:38.228,-93,0.768
25/05/2019 14:13:38.284,-84,0.768
25/05/2019 14:13:38.340,-78,-0.772
25/05/2019 14:13:38.444,-69,-0.772
25/05/2019 14:13:38.500,-61,-0.772
25/05/2019 14:13:38.556,-53,-0.772
25/05/2019 14:13:38.612,-44,-0.772
25/05/2019 14:13:38.668,-36,-0.772
25/05/2019 14:13:38.724,-28,-0.772
25/05/2019 14:13:38.780,-20,-0.772
25/05/2019 14:13:38.836,-11,-0.772
25/05/2019 14:13:38.892,-4,-0.772
25/05/2019 14:13:38.948,1,-0.772
25/05/2019 14:13:39.004,9,-0.772
25/05/2019 14:13:39.060,14,-0.772
25/05/2019 14:13:39.116,21,0.752
25/05/2019 14:13:39.172,29,0.752
25/05/2019 14:13:39.228,34,0.752
25/05/2019 14:13:39.284,41,0.752
25/05/2019 14:13:39.340,48,0.752
25/05/2019 14:13:39.396,56,0.752
25/05/2019 14:13:39.444,64,0.752
25/05/2019 14:13:39.500,71,0.752
25/05/2019 14:13:39.556,81,0.752
25/05/2019 14:13:39.612,87,0.752
25/05/2019 14:13:39.668,94,0.752
25/05/2019 14:13:39.724,101,0.752
25/05/2019 14:13:39.780,106,0.752
25/05/2019 14:13:39.836,109,0.752
25/05/2019 14:13:39.892,110,-0.736
25/05/2019 14:13:39.948,111,-0.736
25/05/2019 14:13:40.004,110,-0.736
25/05/2019 14:13:40.060,109,-0.736
25/05/2019 14:13:40.116,106,-0.736
25/05/2019 14:13:40.172,104,-0.736
25/05/2019 14:13:40.228,101,-0.736
25/05/2019 14:13:40.284,98,-0.736
25/05/2019 14:13:40.340,96,-0.736
25/05/2019 14:13:40.396,93,-0.736
25/05/2019 14:13:40.444,90,-0.736
25/05/2019 14:13:40.500,88,-0.736
25/05/2019 14:13:40.556,87,-0.736
25/05/2019 14:13:40.612,86,0.736
25/05/2019 14:13:40.668,87,0.736
25/05/2019 14:13:40.724,88,0.736
25/05/2019 14:13:40.780,92,0.736
25/05/2019 14:13:40.836,99,0.736
25/05/2019 14:13:40.892,107,0.736
25/05/2019 14:13:40.948,117,0.736
25/05/2019 14:13:41.004,124,0.736
25/05/2019 14:13:41.060,135,0.736
25/05/2019 14:13:41.116,145,0.736
25/05/2019 14:13:41.172,154,0.736
25/05/2019 14:13:41.228,163,0.736
25/05/2019 14:13:41.284,171,0.736
25/05/2019 14:13:41.340,179,-0.728
25/05/2019 14:13:41.396,186,-0.728
25/05/2019 14:13:41.444,192,-0.728
25/05/2019 14:13:41.500,197,-0.728
25/05/2019 14:13:41.556,199,-0.728
25/05/2019 14:13:41.612,201,-0.728
25/05/2019 14:13:41.668,200,-0.728
25/05/2019 14:13:41.724,199,-0.728
25/05/2019 14:13:41.780,195,-0.728
25/05/2019 14:13:41.836,192,0.716
25/05/2019 14:13:41.892,185,0.716
25/05/2019 14:13:41.948,177,0.716
25/05/2019 14:13:42.004,169,0.716
25/05/2019 14:13:42.060,159,0.716
25/05/2019 14:13:42.116,150,0.716
25/05/2019 14:13:42.172,137,0.716
25/05/2019 14:13:42.228,123,0.716
25/05/2019 14:13:42.284,111,0.716
25/05/2019 14:13:42.340,97,0.716
25/05/2019 14:13:42.396,84,0.716
25/05/2019 14:13:42.444,69,0.716
25/05/2019 14:13:42.500,56,0.716
25/05/2019 14:13:42.556,45,-0.732
25/05/2019 14:13:42.612,34,-0.732
25/05/2019 14:13:42.668,25,-0.732
25/05/2019 14:13:42.724,16,-0.732
25/05/2019 14:13:42.780,7,-0.732
25/05/2019 14:13:42.836,1,-0.732
25/05/2019 14:13:42.892,-6,-0.732
25/05/2019 14:13:42.948,-12,-0.732
25/05/2019 14:13:43.004,-20,-0.732
25/05/2019 14:13:43.060,-29,-0.732
25/05/2019 14:13:43.116,-36,-0.732
25/05/2019 14:13:43.172,-45,-0.732
25/05/2019 14:13:43.228,-54,-0.732
25/05/2019 14:13:43.284,-64,-0.732
25/05/2019 14:13:43.340,-75,-0.732
25/05/2019 14:13:43.396,-83,-0.732
25/05/2019 14:13:43.444,-95,-0.732
25/05/2019 14:13:43.500,-104,-0.732
25/05/2019 14:13:43.556,-115,0.844
25/05/2019 14:13:43.612,-126,0.844
25/05/2019 14:13:43.668,-135,0.844
25/05/2019 14:13:43.724,-145,0.844
25/05/2019 14:13:43.780,-153,0.844
25/05/2019 14:13:43.836,-163,0.844
25/05/2019 14:13:43.892,-172,0.844
25/05/2019 14:13:43.948,-178,0.844
25/05/2019 14:13:44.004,-185,0.844
25/05/2019 14:13:44.060,-190,0.844
25/05/2019 14:13:44.116,-194,0.844
25/05/2019 14:13:44.172,-198,0.844
25/05/2019 14:13:44.228,-199,0.844
25/05/2019 14:13:44.284,-200,-0.828
25/05/2019 14:13:44.340,-201,-0.828
25/05/2019 14:13:44.396,-200,-0.828
25/05/2019 14:13:44.444,-199,-0.828
25/05/2019 14:13:44.500,-197,-0.828
25/05/2019 14:13:44.556,-195,-0.828
25/05/2019 14:13:44.612,-193,-0.828
25/05/2019 14:13:44.668,-188,-0.828
25/05/2019 14:13:44.724,-185,-0.828
25/05/2019 14:13:44.780,-180,-0.828
25/05/2019 14:13:44.836,-175,-0.828
25/05/2019 14:13:44.892,-169,-0.828
25/05/2019 14:13:44.948,-162,-0.828
25/05/2019 14:13:45.004,-155,-0.828
25/05/2019 14:13:45.060,-149,0.82
25/05/2019 14:13:45.116,-142,0.82
25/05/2019 14:13:45.172,-137,0.82
25/05/2019 14:13:45.228,-130,0.82
25/05/2019 14:13:45.284,-124,0.82
25/05/2019 14:13:45.340,-120,0.82
25/05/2019 14:13:45.444,-113,0.82
25/05/2019 14:13:45.500,-108,0.82
25/05/2019 14:13:45.556,-100,0.82
25/05/2019 14:13:45.612,-91,0.82
25/05/2019 14:13:45.668,-83,0.82
25/05/2019 14:13:45.724,-74,0.82
25/05/2019 14:13:45.780,-66,0.82
25/05/2019 14:13:45.836,-56,0.82
25/05/2019 14:13:45.892,-45,0.82
25/05/2019 14:13:45.948,-36,0.82
25/05/2019 14:13:46.004,-27,0.82
25/05/2019 14:13:46.060,-19,-0.804
25/05/2019 14:13:46.116,-8,-0.804
25/05/2019 14:13:46.172,2,-0.804
25/05/2019 14:13:46.228,13,-0.804
25/05/2019 14:13:46.284,27,-0.804
25/05/2019 14:13:46.340,43,-0.804
25/05/2019 14:13:46.396,61,-0.804
25/05/2019 14:13:46.444,83,-0.804
25/05/2019 14:13:46.500,100,-0.804
25/05/2019 14:13:46.556,121,-0.804
25/05/2019 14:13:46.612,137,-0.804
25/05/2019 14:13:46.668,155,-0.804
25/05/2019 14:13:46.724,172,-0.804
25/05/2019 14:13:46.780,185,-0.804
25/05/2019 14:13:46.836,199,0.768
25/05/2019 14:13:46.892,210,0.768
25/05/2019 14:13:46.948,223,0.768
25/05/2019 14:13:47.004,236,0.768
25/05/2019 14:13:47.060,244,0.768
25/05/2019 14:13:47.116,252,0.768
25/05/2019 14:13:47.172,256,0.768
25/05/2019 14:13:47.228,257,0.768
25/05/2019 14:13:47.284,253,0.768
25/05/2019 14:13:47.340,246,0.768
25/05/2019 14:13:47.396,233,0.768
25/05/2019 14:13:47.444,220,0.768
25/05/2019 14:13:47.500,202,0.768
25/05/2019 14:13:47.556,183,-0.76
25/05/2019 14:13:47.612,166,-0.76
25/05/2019 14:13:47.668,145,-0.76
25/05/2019 14:13:47.724,128,-0.76
25/05/2019 14:13:47.780,107,-0.76
25/05/2019 14:13:47.836,88,-0.76
25/05/2019 14:13:47.892,73,-0.76
25/05/2019 14:13:47.948,55,-0.76
25/05/2019 14:13:48.004,40,-0.76
25/05/2019 14:13:48.060,22,-0.76
25/05/2019 14:13:48.116,4,-0.76
25/05/2019 14:13:48.172,-9,-0.76
25/05/2019 14:13:48.228,-25,-0.76
25/05/2019 14:13:48.284,-37,0.752
25/05/2019 14:13:48.340,-50,0.752
25/05/2019 14:13:48.396,-61,0.752
25/05/2019 14:13:48.444,-69,0.752
25/05/2019 14:13:48.500,-76,0.752
25/05/2019 14:13:48.556,-80,0.752
25/05/2019 14:13:48.612,-84,0.752
25/05/2019 14:13:48.668,-85,0.752
25/05/2019 14:13:48.724,-89,0.752
25/05/2019 14:13:48.780,-93,0.752
25/05/2019 14:13:48.836,-99,0.752
25/05/2019 14:13:48.892,-108,0.752
25/05/2019 14:13:48.948,-120,0.752
25/05/2019 14:13:49.004,-130,-0.724
25/05/2019 14:13:49.060,-140,-0.724
25/05/2019 14:13:49.116,-147,-0.724
25/05/2019 14:13:49.172,-150,-0.724
25/05/2019 14:13:49.228,-149,-0.724
25/05/2019 14:13:49.284,-144,-0.724
25/05/2019 14:13:49.340,-133,-0.724
25/05/2019 14:13:49.396,-122,-0.724
25/05/2019 14:13:49.444,-107,-0.724
25/05/2019 14:13:49.500,-91,-0.724
25/05/2019 14:13:49.556,-79,-0.724
25/05/2019 14:13:49.612,-66,-0.724
25/05/2019 14:13:49.668,-56,-0.724
25/05/2019 14:13:49.724,-47,-0.724
25/05/2019 14:13:49.780,-40,0.712
25/05/2019 14:13:49.836,-35,0.712
25/05/2019 14:13:49.892,-31,0.712
25/05/2019 14:13:49.948,-29,0.712
25/05/2019 14:13:50.004,-26,0.712
25/05/2019 14:13:50.060,-22,0.712
25/05/2019 14:13:50.116,-19,0.712
25/05/2019 14:13:50.172,-14,0.712
25/05/2019 14:13:50.228,-8,0.712
25/05/2019 14:13:50.284,0,-0.712
25/05/2019 14:13:50.340,12,-0.712
25/05/2019 14:13:50.396,25,-0.712
25/05/2019 14:13:50.444,42,-0.712
25/05/2019 14:13:50.500,56,-0.712
25/05/2019 14:13:50.556,75,-0.712
25/05/2019 14:13:50.612,93,-0.712
25/05/2019 14:13:50.668,109,-0.712
25/05/2019 14:13:50.724,126,-0.712
25/05/2019 14:13:50.780,140,-0.712
25/05/2019 14:13:50.836,155,-0.712
25/05/2019 14:13:50.892,169,-0.712
25/05/2019 14:13:50.948,179,-0.712
25/05/2019 14:13:51.004,189,0.692
25/05/2019 14:13:51.060,195,0.692
25/05/2019 14:13:51.116,201,0.692
25/05/2019 14:13:51.172,203,0.692
25/05/2019 14:13:51.228,203,0.692
25/05/2019 14:13:51.284,202,0.692
25/05/2019 14:13:51.340,200,0.692
25/05/2019 14:13:51.396,195,0.692
25/05/2019 14:13:51.444,190,0.692
25/05/2019 14:13:51.500,184,0.692
25/05/2019 14:13:51.556,178,0.692
25/05/2019 14:13:51.612,171,0.692
25/05/2019 14:13:51.668,163,0.692
25/05/2019 14:13:51.724,155,-0.684
25/05/2019 14:13:51.780,147,-0.684
25/05/2019 14:13:51.836,136,-0.684
25/05/2019 14:13:51.892,127,-0.684
25/05/2019 14:13:51.948,114,-0.684
25/05/2019 14:13:52.004,100,-0.684
25/05/2019 14:13:52.060,87,-0.684
25/05/2019 14:13:52.116,70,-0.684
25/05/2019 14:13:52.172,53,-0.684
25/05/2019 14:13:52.228,34,-0.684
25/05/2019 14:13:52.284,12,-0.684
25/05/2019 14:13:52.340,-7,-0.684
25/05/2019 14:13:52.444,-32,-0.684
25/05/2019 14:13:52.500,-54,0.752
25/05/2019 14:13:52.556,-79,0.752
25/05/2019 14:13:52.612,-106,0.752
25/05/2019 14:13:52.668,-127,0.752
25/05/2019 14:13:52.724,-151,0.752
25/05/2019 14:13:52.780,-171,0.752
25/05/2019 14:13:52.836,-191,0.752
25/05/2019 14:13:52.892,-210,0.752
25/05/2019 14:13:52.948,-222,0.752
25/05/2019 14:13:53.004,-235,0.752
25/05/2019 14:13:53.060,-242,0.752
25/05/2019 14:13:53.116,-250,0.752
25/05/2019 14:13:53.172,-254,0.752
25/05/2019 14:13:53.228,-255,0.752
25/05/2019 14:13:53.284,-256,-0.776
25/05/2019 14:13:53.340,-255,-0.776
25/05/2019 14:13:53.396,-254,-0.776
25/05/2019 14:13:53.444,-251,-0.776
25/05/2019 14:13:53.500,-248,-0.776
25/05/2019 14:13:53.556,-243,-0.776
25/05/2019 14:13:53.612,-237,-0.776
25/05/2019 14:13:53.668,-227,-0.776
25/05/2019 14:13:53.724,-216,-0.776
25/05/2019 14:13:53.780,-207,-0.776
25/05/2019 14:13:53.836,-195,-0.776
25/05/2019 14:13:53.892,-186,-0.776
25/05/2019 14:13:53.948,-176,-0.776
25/05/2019 14:13:54.004,-166,0.756
25/05/2019 14:13:54.060,-158,0.756
25/05/2019 14:13:54.116,-150,0.756
25/05/2019 14:13:54.172,-143,0.756
25/05/2019 14:13:54.228,-135,0.756
25/05/2019 14:13:54.284,-130,0.756
25/05/2019 14:13:54.340,-124,0.756
25/05/2019 14:13:54.396,-117,0.756
25/05/2019 14:13:54.444,-112,0.756
25/05/2019 14:13:54.500,-105,0.756
25/05/2019 14:13:54.556,-100,0.756
25/05/2019 14:13:54.612,-96,0.756
25/05/2019 14:13:54.668,-91,0.756
25/05/2019 14:13:54.724,-87,-0.744
25/05/2019 14:13:54.780,-83,-0.744
25/05/2019 14:13:54.836,-78,-0.744
25/05/2019 14:13:54.892,-74,-0.744
25/05/2019 14:13:54.948,-69,-0.744
25/05/2019 14:13:55.004,-64,-0.744
25/05/2019 14:13:55.060,-59,-0.744
25/05/2019 14:13:55.116,-52,-0.744
25/05/2019 14:13:55.172,-44,-0.744
25/05/2019 14:13:55.228,-34,-0.744
25/05/2019 14:13:55.284,-22,-0.744
25/05/2019 14:13:55.340,-5,-0.744
25/05/2019 14:13:55.396,12,-0.744
25/05/2019 14:13:55.444,29,-0.744
25/05/2019 14:13:55.500,51,0.724
25/05/2019 14:13:55.556,69,0.724
25/05/2019 14:13:55.612,90,0.724
25/05/2019 14:13:55.668,109,0.724
25/05/2019 14:13:55.724,125,0.724
25/05/2019 14:13:55.780,142,0.724
25/05/2019 14:13:55.836,155,0.724
25/05/2019 14:13:55.892,169,0.724
25/05/2019 14:13:55.948,180,0.724
25/05/2019 14:13:56.004,189,0.724
25/05/2019 14:13:56.060,196,0.724
25/05/2019 14:13:56.116,200,0.724
25/05/2019 14:13:56.172,203,0.724
25/05/2019 14:13:56.228,204,-0.696
25/05/2019 14:13:56.284,204,-0.696
25/05/2019 14:13:56.340,202,-0.696
25/05/2019 14:13:56.396,199,-0.696
25/05/2019 14:13:56.444,196,-0.696
25/05/2019 14:13:56.500,193,-0.696
25/05/2019 14:13:56.556,190,-0.696
25/05/2019 14:13:56.612,187,-0.696
25/05/2019 14:13:56.668,185,-0.696
25/05/2019 14:13:56.724,185,-0.696
25/05/2019 14:13:56.780,185,-0.696
25/05/2019 14:13:56.836,187,-0.696
25/05/2019 14:13:56.892,190,-0.696
25/05/2019 14:13:56.948,193,0.66
25/05/2019 14:13:57.004,197,0.66
25/05/2019 14:13:57.060,202,0.66
25/05/2019 14:13:57.116,205,0.66
25/05/2019 14:13:57.172,209,0.66
25/05/2019 14:13:57.228,212,0.66
25/05/2019 14:13:57.284,213,0.66
25/05/2019 14:13:57.340,215,0.66
25/05/2019 14:13:57.396,214,0.66
25/05/2019 14:13:57.444,212,-0.672
25/05/2019 14:13:57.500,209,-0.672
25/05/2019 14:13:57.556,204,-0.672
25/05/2019 14:13:57.612,198,-0.672
25/05/2019 14:13:57.668,192,-0.672
25/05/2019 14:13:57.724,184,-0.672
25/05/2019 14:13:57.780,177,-0.672
25/05/2019 14:13:57.836,168,-0.672
25/05/2019 14:13:57.892,158,-0.672
25/05/2019 14:13:57.948,151,-0.672
25/05/2019 14:13:58.004,142,-0.672
25/05/2019 14:13:58.060,134,-0.672
25/05/2019 14:13:58.116,125,-0.672
25/05/2019 14:13:58.172,117,0.692
25/05/2019 14:13:58.228,110,0.692
25/05/2019 14:13:58.284,100,0.692
25/05/2019 14:13:58.340,93,0.692
25/05/2019 14:13:58.396,82,0.692
25/05/2019 14:13:58.444,71,0.692
25/05/2019 14:13:58.500,62,0.692
25/05/2019 14:13:58.556,49,0.692
25/05/2019 14:13:58.612,40,0.692
25/05/2019 14:13:58.668,29,0.692
25/05/2019 14:13:58.724,19,0.692
25/05/2019 14:13:58.780,12,0.692
25/05/2019 14:13:58.836,5,0.692
25/05/2019 14:13:58.892,0,0.692
25/05/2019 14:13:58.948,-4,-0.78
25/05/2019 14:13:59.004,-9,-0.78
25/05/2019 14:13:59.060,-10,-0.78
25/05/2019 14:13:59.116,-11,-0.78
25/05/2019 14:13:59.172,-12,-0.78
25/05/2019 14:13:59.228,-10,-0.78
25/05/2019 14:13:59.284,-9,-0.78
25/05/2019 14:13:59.340,-8,-0.78
25/05/2019 14:13:59.444,-6,-0.78
25/05/2019 14:13:59.500,-5,-0.78
25/05/2019 14:13:59.556,-5,-0.78
25/05/2019 14:13:59.612,-5,-0.78
25/05/2019 14:13:59.668,-7,-0.78
25/05/2019 14:13:59.724,-8,0.768
25/05/2019 14:13:59.780,-12,0.768
25/05/2019 14:13:59.836,-16,0.768
25/05/2019 14:13:59.892,-21,0.768
25/05/2019 14:13:59.948,-26,0.768
25/05/2019 14:14:00.004,-34,0.768
25/05/2019 14:14:00.060,-41,0.768
25/05/2019 14:14:00.116,-50,0.768
25/05/2019 14:14:00.172,-60,0.768
25/05/2019 14:14:00.228,-69,0.768
25/05/2019 14:14:00.284,-80,0.768
25/05/2019 14:14:00.340,-89,0.768
25/05/2019 14:14:00.396,-100,0.768
25/05/2019 14:14:00.444,-110,-0.776
25/05/2019 14:14:00.500,-118,-0.776
25/05/2019 14:14:00.556,-125,-0.776
25/05/2019 14:14:00.612,-130,-0.776
25/05/2019 14:14:00.668,-135,-0.776
25/05/2019 14:14:00.724,-137,-0.776
25/05/2019 14:14:00.780,-138,-0.776
25/05/2019 14:14:00.836,-136,-0.776
25/05/2019 14:14:00.892,-134,-0.776
25/05/2019 14:14:00.948,-129,-0.776
25/05/2019 14:14:01.004,-122,-0.776
25/05/2019 14:14:01.060,-115,-0.776
25/05/2019 14:14:01.116,-106,-0.776
25/05/2019 14:14:01.172,-97,-0.776
25/05/2019 14:14:01.228,-88,-0.776
25/05/2019 14:14:01.284,-80,-0.776
25/05/2019 14:14:01.340,-74,-0.776
25/05/2019 14:14:01.396,-68,-0.776
25/05/2019 14:14:01.444,-65,0.772
25/05/2019 14:14:01.500,-62,0.772
25/05/2019 14:14:01.556,-61,0.772
25/05/2019 14:14:01.612,-60,0.772
25/05/2019 14:14:01.668,-60,0.772
25/05/2019 14:14:01.724,-60,0.772
25/05/2019 14:14:01.780,-60,0.772
25/05/2019 14:14:01.836,-61,0.772
25/05/2019 14:14:01.892,-62,0.772
25/05/2019 14:14:01.948,-62,0.772
25/05/2019 14:14:02.004,-63,0.772
25/05/2019 14:14:02.060,-63,0.772
25/05/2019 14:14:02.116,-64,0.772
25/05/2019 14:14:02.172,-65,-0.732
25/05/2019 14:14:02.228,-65,-0.732
25/05/2019 14:14:02.284,-63,-0.732
25/05/2019 14:14:02.340,-61,-0.732
25/05/2019 14:14:02.396,-58,-0.732
25/05/2019 14:14:02.444,-54,-0.732
25/05/2019 14:14:02.500,-47,-0.732
25/05/2019 14:14:02.556,-42,-0.732
25/05/2019 14:14:02.612,-35,-0.732
25/05/2019 14:14:02.668,-27,0.728
25/05/2019 14:14:02.724,-22,0.728
25/05/2019 14:14:02.780,-16,0.728
25/05/2019 14:14:02.836,-12,0.728
25/05/2019 14:14:02.892,-8,0.728
25/05/2019 14:14:02.948,-5,0.728
25/05/2019 14:14:03.004,-4,0.728
25/05/2019 14:14:03.060,-2,0.728
25/05/2019 14:14:03.116,-2,0.728
25/05/2019 14:14:03.172,-3,0.728
25/05/2019 14:14:03.228,-5,0.728
25/05/2019 14:14:03.284,-5,0.728
25/05/2019 14:14:03.340,-8,0.728
25/05/2019 14:14:03.396,-10,-0.696
25/05/2019 14:14:03.444,-14,-0.696
25/05/2019 14:14:03.500,-17,-0.696
25/05/2019 14:14:03.556,-19,-0.696
25/05/2019 14:14:03.612,-21,-0.696
25/05/2019 14:14:03.668,-23,-0.696
25/05/2019 14:14:03.724,-25,-0.696
25/05/2019 14:14:03.780,-27,-0.696
25/05/2019 14:14:03.836,-27,-0.696
25/05/2019 14:14:03.892,-29,-0.696
25/05/2019 14:14:03.948,-28,-0.696
25/05/2019 14:14:04.004,-28,-0.696
25/05/2019 14:14:04.060,-29,-0.696
25/05/2019 14:14:04.116,-29,-0.696
25/05/2019 14:14:04.172,-30,0.74
25/05/2019 14:14:04.228,-30,0.74
25/05/2019 14:14:04.284,-31,0.74
25/05/2019 14:14:04.340,-33,0.74
25/05/2019 14:14:04.396,-34,0.74
25/05/2019 14:14:04.444,-36,0.74
25/05/2019 14:14:04.500,-38,0.74
25/05/2019 14:14:04.556,-41,0.74
25/05/2019 14:14:04.612,-45,0.74
25/05/2019 14:14:04.668,-47,0.74
25/05/2019 14:14:04.724,-51,0.74
25/05/2019 14:14:04.780,-54,0.74
25/05/2019 14:14:04.836,-59,0.74
25/05/2019 14:14:04.892,-63,-0.784
25/05/2019 14:14:04.948,-67,-0.784
25/05/2019 14:14:05.004,-72,-0.784
25/05/2019 14:14:05.060,-76,-0.784
25/05/2019 14:14:05.116,-82,-0.784
25/05/2019 14:14:05.172,-87,-0.784
25/05/2019 14:14:05.228,-91,-0.784
25/05/2019 14:14:05.284,-96,-0.784
25/05/2019 14:14:05.340,-100,-0.784
25/05/2019 14:14:05.396,-105,-0.784
25/05/2019 14:14:05.444,-109,-0.784
25/05/2019 14:14:05.500,-114,-0.784
25/05/2019 14:14:05.556,-117,-0.784
25/05/2019 14:14:05.612,-121,-0.784
25/05/2019 14:14:05.668,-125,-0.784
25/05/2019 14:14:05.724,-128,-0.784
25/05/2019 14:14:05.780,-130,-0.784
25/05/2019 14:14:05.836,-133,-0.784
25/05/2019 14:14:05.892,-133,0.792
25/05/2019 14:14:05.948,-133,0.792
25/05/2019 14:14:06.004,-132,0.792
25/05/2019 14:14:06.060,-130,0.792
25/05/2019 14:14:06.116,-127,0.792
25/05/2019 14:14:06.172,-123,0.792
25/05/2019 14:14:06.228,-120,0.792
25/05/2019 14:14:06.284,-115,0.792
25/05/2019 14:14:06.340,-111,0.792
25/05/2019 14:14:06.444,-106,0.792
25/05/2019 14:14:06.500,-102,0.792
25/05/2019 14:14:06.556,-97,0.792
25/05/2019 14:14:06.612,-91,0.792
25/05/2019 14:14:06.668,-85,-0.784
25/05/2019 14:14:06.724,-78,-0.784
25/05/2019 14:14:06.780,-72,-0.784
25/05/2019 14:14:06.836,-64,-0.784
25/05/2019 14:14:06.892,-56,-0.784
25/05/2019 14:14:06.948,-48,-0.784
25/05/2019 14:14:07.004,-39,-0.784
25/05/2019 14:14:07.060,-32,-0.784
25/05/2019 14:14:07.116,-23,-0.784
25/05/2019 14:14:07.172,-15,-0.784
25/05/2019 14:14:07.228,-9,-0.784
25/05/2019 14:14:07.284,-3,-0.784
25/05/2019 14:14:07.340,0,-0.784
25/05/2019 14:14:07.396,6,0.768
25/05/2019 14:14:07.444,11,0.768
25/05/2019 14:14:07.500,16,0.768
25/05/2019 14:14:07.556,24,0.768
25/05/2019 14:14:07.612,32,0.768
25/05/2019 14:14:07.668,42,0.768
25/05/2019 14:14:07.724,53,0.768
25/05/2019 14:14:07.780,63,0.768
25/05/2019 14:14:07.836,76,0.768
25/05/2019 14:14:07.892,84,0.768
25/05/2019 14:14:07.948,94,0.768
25/05/2019 14:14:08.004,103,0.768
25/05/2019 14:14:08.060,107,0.768
25/05/2019 14:14:08.116,112,-0.744
25/05/2019 14:14:08.172,114,-0.744
25/05/2019 14:14:08.228,116,-0.744
25/05/2019 14:14:08.284,114,-0.744
25/05/2019 14:14:08.340,112,-0.744
25/05/2019 14:14:08.396,108,-0.744
25/05/2019 14:14:08.444,104,-0.744
25/05/2019 14:14:08.500,97,-0.744
25/05/2019 14:14:08.556,91,-0.744
25/05/2019 14:14:08.612,86,-0.744
25/05/2019 14:14:08.668,80,-0.744
25/05/2019 14:14:08.724,74,-0.744
25/05/2019 14:14:08.780,69,-0.744
25/05/2019 14:14:08.836,64,-0.744
25/05/2019 14:14:08.892,61,0.724
25/05/2019 14:14:08.948,60,0.724
25/05/2019 14:14:09.004,62,0.724
25/05/2019 14:14:09.060,69,0.724
25/05/2019 14:14:09.116,79,0.724
25/05/2019 14:14:09.172,92,0.724
25/05/2019 14:14:09.228,109,0.724
25/05/2019 14:14:09.284,123,0.724
25/05/2019 14:14:09.340,141,0.724
25/05/2019 14:14:09.396,158,0.724
25/05/2019 14:14:09.444,172,0.724
25/05/2019 14:14:09.500,185,0.724
25/05/2019 14:14:09.556,194,0.724
25/05/2019 14:14:09.612,202,-0.692
25/05/2019 14:14:09.668,207,-0.692
25/05/2019 14:14:09.724,208,-0.692
25/05/2019 14:14:09.780,207,-0.692
25/05/2019 14:14:09.836,204,-0.692
25/05/2019 14:14:09.892,199,-0.692
25/05/2019 14:14:09.948,192,-0.692
25/05/2019 14:14:10.004,184,-0.692
25/05/2019 14:14:10.060,175,-0.692
25/05/2019 14:14:10.116,166,0.66
25/05/2019 14:14:10.172,156,0.66
25/05/2019 14:14:10.228,144,0.66
25/05/2019 14:14:10.284,136,0.66
25/05/2019 14:14:10.340,124,0.66
25/05/2019 14:14:10.396,116,0.66
25/05/2019 14:14:10.444,105,0.66
25/05/2019 14:14:10.500,96,0.66
25/05/2019 14:14:10.556,88,0.66
25/05/2019 14:14:10.612,79,0.66
25/05/2019 14:14:10.668,72,0.66
25/05/2019 14:14:10.724,62,0.66
25/05/2019 14:14:10.780,54,0.66
25/05/2019 14:14:10.836,46,-0.68
25/05/2019 14:14:10.892,36,-0.68
25/05/2019 14:14:10.948,29,-0.68
25/05/2019 14:14:11.004,21,-0.68
25/05/2019 14:14:11.060,13,-0.68
25/05/2019 14:14:11.116,6,-0.68
25/05/2019 14:14:11.172,0,-0.68
25/05/2019 14:14:11.228,-4,-0.68
25/05/2019 14:14:11.284,-8,-0.68
25/05/2019 14:14:11.340,-13,-0.68
25/05/2019 14:14:11.396,-16,-0.68
25/05/2019 14:14:11.444,-20,-0.68
25/05/2019 14:14:11.500,-23,-0.68
25/05/2019 14:14:11.556,-27,0.696
25/05/2019 14:14:11.612,-30,0.696
25/05/2019 14:14:11.668,-32,0.696
25/05/2019 14:14:11.724,-35,0.696
25/05/2019 14:14:11.780,-37,0.696
25/05/2019 14:14:11.836,-39,0.696
25/05/2019 14:14:11.892,-41,0.696
25/05/2019 14:14:11.948,-43,0.696
25/05/2019 14:14:12.004,-46,0.696
25/05/2019 14:14:12.060,-50,0.696
25/05/2019 14:14:12.116,-55,0.696
25/05/2019 14:14:12.172,-61,0.696
25/05/2019 14:14:12.228,-67,0.696
25/05/2019 14:14:12.284,-74,0.696
25/05/2019 14:14:12.340,-82,-0.76
25/05/2019 14:14:12.396,-92,-0.76
25/05/2019 14:14:12.444,-105,-0.76
25/05/2019 14:14:12.500,-115,-0.76
25/05/2019 14:14:12.556,-129,-0.76
25/05/2019 14:14:12.612,-140,-0.76
25/05/2019 14:14:12.668,-154,-0.76
25/05/2019 14:14:12.724,-168,-0.76
25/05/2019 14:14:12.780,-178,-0.76
25/05/2019 14:14:12.836,-191,-0.76
25/05/2019 14:14:12.892,-201,-0.76
25/05/2019 14:14:12.948,-211,-0.76
25/05/2019 14:14:13.004,-221,-0.76
25/05/2019 14:14:13.060,-227,0.788
25/05/2019 14:14:13.116,-231,0.788
25/05/2019 14:14:13.172,-232,0.788
25/05/2019 14:14:13.228,-228,0.788
25/05/2019 14:14:13.284,-220,0.788
25/05/2019 14:14:13.340,-211,0.788
25/05/2019 14:14:13.444,-200,0.788
25/05/2019 14:14:13.500,-191,0.788
25/05/2019 14:14:13.556,-179,0.788
25/05/2019 14:14:13.612,-167,0.788
25/05/2019 14:14:13.668,-159,0.788
25/05/2019 14:14:13.724,-148,0.788
25/05/2019 14:14:13.780,-139,0.788
25/05/2019 14:14:13.836,-132,-0.772
25/05/2019 14:14:13.892,-125,-0.772
25/05/2019 14:14:13.948,-120,-0.772
25/05/2019 14:14:14.004,-116,-0.772
25/05/2019 14:14:14.060,-114,-0.772
25/05/2019 14:14:14.116,-112,-0.772
25/05/2019 14:14:14.172,-108,-0.772
25/05/2019 14:14:14.228,-103,-0.772
25/05/2019 14:14:14.284,-97,-0.772
25/05/2019 14:14:14.340,-92,-0.772
25/05/2019 14:14:14.396,-86,-0.772
25/05/2019 14:14:14.444,-81,-0.772
25/05/2019 14:14:14.500,-77,-0.772
25/05/2019 14:14:14.556,-72,-0.772
25/05/2019 14:14:14.612,-68,0.776
25/05/2019 14:14:14.668,-64,0.776
25/05/2019 14:14:14.724,-59,0.776
25/05/2019 14:14:14.780,-54,0.776
25/05/2019 14:14:14.836,-48,0.776
25/05/2019 14:14:14.892,-43,0.776
25/05/2019 14:14:14.948,-38,0.776
25/05/2019 14:14:15.004,-33,0.776
25/05/2019 14:14:15.060,-31,0.776
25/05/2019 14:14:15.116,-27,0.776
25/05/2019 14:14:15.172,-25,0.776
25/05/2019 14:14:15.228,-24,0.776
25/05/2019 14:14:15.284,-22,0.776
25/05/2019 14:14:15.340,-21,-0.716
25/05/2019 14:14:15.396,-20,-0.716
25/05/2019 14:14:15.444,-19,-0.716
25/05/2019 14:14:15.500,-17,-0.716
25/05/2019 14:14:15.556,-14,-0.716
25/05/2019 14:14:15.612,-9,-0.716
25/05/2019 14:14:15.668,-3,-0.716
25/05/2019 14:14:15.724,2,-0.716
25/05/2019 14:14:15.780,10,-0.716
25/05/2019 14:14:15.836,19,-0.716
25/05/2019 14:14:15.892,27,-0.716
25/05/2019 14:14:15.948,37,-0.716
25/05/2019 14:14:16.004,46,-0.716
25/05/2019 14:14:16.060,57,0.68
25/05/2019 14:14:16.116,71,0.68
25/05/2019 14:14:16.172,84,0.68
25/05/2019 14:14:16.228,101,0.68
25/05/2019 14:14:16.284,116,0.68
25/05/2019 14:14:16.340,134,0.68
25/05/2019 14:14:16.396,150,0.68
25/05/2019 14:14:16.444,162,0.68
25/05/2019 14:14:16.500,175,0.68
25/05/2019 14:14:16.556,183,-0.636
25/05/2019 14:14:16.612,190,-0.636
25/05/2019 14:14:16.668,194,-0.636
25/05/2019 14:14:16.724,196,-0.636
25/05/2019 14:14:16.780,196,-0.636
25/05/2019 14:14:16.836,192,-0.636
25/05/2019 14:14:16.892,187,-0.636
25/05/2019 14:14:16.948,182,-0.636
25/05/2019 14:14:17.004,175,-0.636
25/05/2019 14:14:17.060,166,-0.636
25/05/2019 14:14:17.116,159,-0.636
25/05/2019 14:14:17.172,149,-0.636
25/05/2019 14:14:17.228,139,-0.636
25/05/2019 14:14:17.284,130,0.604
25/05/2019 14:14:17.340,119,0.604
25/05/2019 14:14:17.396,109,0.604
25/05/2019 14:14:17.444,98,0.604
25/05/2019 14:14:17.500,87,0.604
25/05/2019 14:14:17.556,78,0.604
25/05/2019 14:14:17.612,67,0.604
25/05/2019 14:14:17.668,59,0.604
25/05/2019 14:14:17.724,50,0.604
25/05/2019 14:14:17.780,41,-0.604
25/05/2019 14:14:17.836,35,-0.604
25/05/2019 14:14:17.892,30,-0.604
25/05/2019 14:14:17.948,28,-0.604
25/05/2019 14:14:18.004,29,-0.604
25/05/2019 14:14:18.060,33,-0.604
25/05/2019 14:14:18.116,40,-0.604
25/05/2019 14:14:18.172,49,-0.604
25/05/2019 14:14:18.228,57,-0.604
25/05/2019 14:14:18.284,68,-0.604
25/05/2019 14:14:18.340,78,-0.604
25/05/2019 14:14:18.396,86,-0.604
25/05/2019 14:14:18.444,94,-0.604
25/05/2019 14:14:18.500,99,0.608
25/05/2019 14:14:18.556,103,0.608
25/05/2019 14:14:18.612,107,0.608
25/05/2019 14:14:18.668,107,0.608
25/05/2019 14:14:18.724,106,0.608
25/05/2019 14:14:18.780,105,0.608
25/05/2019 14:14:18.836,101,0.608
25/05/2019 14:14:18.892,97,0.608
25/05/2019 14:14:18.948,93,0.608
25/05/2019 14:14:19.004,87,-0.608
25/05/2019 14:14:19.060,82,-0.608
25/05/2019 14:14:19.116,76,-0.608
25/05/2019 14:14:19.172,69,-0.608
25/05/2019 14:14:19.228,64,-0.608
25/05/2019 14:14:19.284,58,-0.608
25/05/2019 14:14:19.340,53,-0.608
25/05/2019 14:14:19.396,47,-0.608
25/05/2019 14:14:19.444,41,-0.608
25/05/2019 14:14:19.500,37,-0.608
25/05/2019 14:14:19.556,31,-0.608
25/05/2019 14:14:19.612,28,-0.608
25/05/2019 14:14:19.668,24,-0.608
25/05/2019 14:14:19.724,20,-0.608
25/05/2019 14:14:19.780,17,0.644
25/05/2019 14:14:19.836,14,0.644
25/05/2019 14:14:19.892,11,0.644
25/05/2019 14:14:19.948,9,0.644
25/05/2019 14:14:20.004,8,0.644
25/05/2019 14:14:20.060,7,0.644
25/05/2019 14:14:20.116,8,0.644
25/05/2019 14:14:20.172,8,0.644
25/05/2019 14:14:20.228,9,0.644
25/05/2019 14:14:20.284,7,0.644
25/05/2019 14:14:20.340,4,0.644
25/05/2019 14:14:20.444,0,0.644
25/05/2019 14:14:20.500,-6,0.644
25/05/2019 14:14:20.556,-13,-0.76
25/05/2019 14:14:20.612,-22,-0.76
25/05/2019 14:14:20.668,-30,-0.76
25/05/2019 14:14:20.724,-39,-0.76
25/05/2019 14:14:20.780,-46,-0.76
25/05/2019 14:14:20.836,-54,-0.76
25/05/2019 14:14:20.892,-60,-0.76
25/05/2019 14:14:20.948,-66,-0.76
25/05/2019 14:14:21.004,-72,-0.76
25/05/2019 14:14:21.060,-75,-0.76
25/05/2019 14:14:21.116,-78,-0.76
25/05/2019 14:14:21.172,-82,-0.76
25/05/2019 14:14:21.228,-84,-0.76
25/05/2019 14:14:21.284,-89,0.804
25/05/2019 14:14:21.340,-93,0.804
25/05/2019 14:14:21.396,-100,0.804
25/05/2019 14:14:21.444,-109,0.804
25/05/2019 14:14:21.500,-117,0.804
25/05/2019 14:14:21.556,-128,0.804
25/05/2019 14:14:21.612,-137,0.804
25/05/2019 14:14:21.668,-147,0.804
25/05/2019 14:14:21.724,-156,0.804
25/05/2019 14:14:21.780,-163,0.804
25/05/2019 14:14:21.836,-170,0.804
25/05/2019 14:14:21.892,-175,0.804
25/05/2019 14:14:21.948,-180,0.804
25/05/2019 14:14:22.004,-183,-0.8
25/05/2019 14:14:22.060,-186,-0.8
25/05/2019 14:14:22.116,-186,-0.8
25/05/2019 14:14:22.172,-186,-0.8
25/05/2019 14:14:22.228,-185,-0.8
25/05/2019 14:14:22.284,-184,-0.8
25/05/2019 14:14:22.340,-181,-0.8
25/05/2019 14:14:22.396,-179,-0.8
25/05/2019 14:14:22.444,-175,-0.8
25/05/2019 14:14:22.500,-172,-0.8
25/05/2019 14:14:22.556,-167,-0.8
25/05/2019 14:14:22.612,-161,-0.8
25/05/2019 14:14:22.668,-154,-0.8
25/05/2019 14:14:22.724,-147,-0.8
25/05/2019 14:14:22.780,-140,-0.8
25/05/2019 14:14:22.836,-131,-0.8
25/05/2019 14:14:22.892,-126,-0.8
25/05/2019 14:14:22.948,-120,-0.8
25/05/2019 14:14:23.004,-115,0.804
25/05/2019 14:14:23.060,-108,0.804
25/05/2019 14:14:23.116,-102,0.804
25/05/2019 14:14:23.172,-98,0.804
25/05/2019 14:14:23.228,-93,0.804
25/05/2019 14:14:23.284,-88,0.804
25/05/2019 14:14:23.340,-82,0.804
25/05/2019 14:14:23.396,-77,0.804
25/05/2019 14:14:23.444,-73,0.804
25/05/2019 14:14:23.500,-69,0.804
25/05/2019 14:14:23.556,-65,0.804
25/05/2019 14:14:23.612,-61,0.804
25/05/2019 14:14:23.668,-57,0.804
25/05/2019 14:14:23.724,-54,0.804
25/05/2019 14:14:23.780,-51,0.804
25/05/2019 14:14:23.836,-49,0.804
25/05/2019 14:14:23.892,-46,0.804
25/05/2019 14:14:23.948,-43,0.804
25/05/2019 14:14:24.004,-42,0.804
25/05/2019 14:14:24.060,-39,0.804
25/05/2019 14:14:24.116,-37,0.804
25/05/2019 14:14:24.172,-32,0.804
25/05/2019 14:14:24.228,-28,0.804
25/05/2019 14:14:24.284,-25,0.804
25/05/2019 14:14:24.340,-20,0.804
25/05/2019 14:14:24.396,-15,0.804
25/05/2019 14:14:24.444,-11,0.804
25/05/2019 14:14:24.500,-4,-1.62
25/05/2019 14:14:24.556,0,-1.62
25/05/2019 14:14:24.612,5,-1.62
25/05/2019 14:14:24.668,10,-1.62
25/05/2019 14:14:24.724,17,-1.62
25/05/2019 14:14:24.780,23,-1.62
25/05/2019 14:14:24.836,31,-1.62
25/05/2019 14:14:24.892,40,-1.62
25/05/2019 14:14:24.948,47,-1.62
25/05/2019 14:14:25.004,57,-1.62
25/05/2019 14:14:25.060,67,-1.62
25/05/2019 14:14:25.116,76,-1.62
25/05/2019 14:14:25.172,86,-1.62
25/05/2019 14:14:25.228,95,-1.62
25/05/2019 14:14:25.284,106,-1.62
25/05/2019 14:14:25.340,118,-1.62
25/05/2019 14:14:25.396,128,-1.62
25/05/2019 14:14:25.444,142,-1.62
25/05/2019 14:14:25.500,153,-1.62
25/05/2019 14:14:25.556,169,-1.62
25/05/2019 14:14:25.612,185,-1.62
25/05/2019 14:14:25.668,198,-1.62
25/05/2019 14:14:25.724,212,-1.62
25/05/2019 14:14:25.780,222,-1.62
25/05/2019 14:14:25.836,231,-1.62
25/05/2019 14:14:25.892,237,-1.62
25/05/2019 14:14:25.948,240,1.524
25/05/2019 14:14:26.004,239,1.524
25/05/2019 14:14:26.060,237,1.524
25/05/2019 14:14:26.116,230,1.524
25/05/2019 14:14:26.172,220,1.524
25/05/2019 14:14:26.228,210,1.524
25/05/2019 14:14:26.284,198,1.524
25/05/2019 14:14:26.340,185,1.524
25/05/2019 14:14:26.396,171,1.524
25/05/2019 14:14:26.444,156,1.524
25/05/2019 14:14:26.500,144,1.524
25/05/2019 14:14:26.556,129,1.524
25/05/2019 14:14:26.612,119,1.524
25/05/2019 14:14:26.668,107,1.524
25/05/2019 14:14:26.724,97,-0.728
25/05/2019 14:14:26.780,91,-0.728
25/05/2019 14:14:26.836,86,-0.728
25/05/2019 14:14:26.892,85,-0.728
25/05/2019 14:14:26.948,86,-0.728
25/05/2019 14:14:27.004,88,-0.728
25/05/2019 14:14:27.060,91,-0.728
25/05/2019 14:14:27.116,94,-0.728
25/05/2019 14:14:27.172,97,-0.728
25/05/2019 14:14:27.228,100,-0.728
25/05/2019 14:14:27.284,102,-0.728
25/05/2019 14:14:27.340,102,-0.728
25/05/2019 14:14:27.444,102,-0.728
25/05/2019 14:14:27.500,101,0.72
25/05/2019 14:14:27.556,99,0.72
25/05/2019 14:14:27.612,96,0.72
25/05/2019 14:14:27.668,93,0.72
25/05/2019 14:14:27.724,89,0.72
25/05/2019 14:14:27.780,86,0.72
25/05/2019 14:14:27.836,81,0.72
25/05/2019 14:14:27.892,77,0.72
25/05/2019 14:14:27.948,72,0.72
25/05/2019 14:14:28.004,68,0.72
25/05/2019 14:14:28.060,63,0.72
25/05/2019 14:14:28.116,57,0.72
25/05/2019 14:14:28.172,51,0.72
25/05/2019 14:14:28.228,45,-0.724
25/05/2019 14:14:28.284,39,-0.724
25/05/2019 14:14:28.340,34,-0.724
25/05/2019 14:14:28.396,28,-0.724
25/05/2019 14:14:28.444,21,-0.724
25/05/2019 14:14:28.500,17,-0.724
25/05/2019 14:14:28.556,12,-0.724
25/05/2019 14:14:28.612,9,-0.724
25/05/2019 14:14:28.668,6,-0.724
25/05/2019 14:14:28.724,4,-0.724
25/05/2019 14:14:28.780,1,-0.724
25/05/2019 14:14:28.836,0,-0.724
25/05/2019 14:14:28.892,-1,-0.724
25/05/2019 14:14:28.948,-2,0.784
25/05/2019 14:14:29.004,-5,0.784
25/05/2019 14:14:29.060,-9,0.784
25/05/2019 14:14:29.116,-14,0.784
25/05/2019 14:14:29.172,-19,0.784
25/05/2019 14:14:29.228,-28,0.784
25/05/2019 14:14:29.284,-37,0.784
25/05/2019 14:14:29.340,-44,0.784
25/05/2019 14:14:29.396,-54,0.784
25/05/2019 14:14:29.444,-64,0.784
25/05/2019 14:14:29.500,-75,0.784
25/05/2019 14:14:29.556,-85,0.784
25/05/2019 14:14:29.612,-93,0.784
25/05/2019 14:14:29.668,-103,0.784
25/05/2019 14:14:29.724,-111,0.784
25/05/2019 14:14:29.780,-120,0.784
25/05/2019 14:14:29.836,-129,0.784
25/05/2019 14:14:29.892,-136,0.784
25/05/2019 14:14:29.948,-143,-0.848
25/05/2019 14:14:30.004,-149,-0.848
25/05/2019 14:14:30.060,-156,-0.848
25/05/2019 14:14:30.116,-162,-0.848
25/05/2019 14:14:30.172,-166,-0.848
25/05/2019 14:14:30.228,-170,-0.848
25/05/2019 14:14:30.284,-173,-0.848
25/05/2019 14:14:30.340,-175,-0.848
25/05/2019 14:14:30.396,-177,-0.848
25/05/2019 14:14:30.444,-179,-0.848
25/05/2019 14:14:30.500,-178,-0.848
25/05/2019 14:14:30.556,-178,-0.848
25/05/2019 14:14:30.612,-178,-0.848
25/05/2019 14:14:30.668,-178,0.812
25/05/2019 14:14:30.724,-176,0.812
25/05/2019 14:14:30.780,-175,0.812
25/05/2019 14:14:30.836,-175,0.812
25/05/2019 14:14:30.892,-174,0.812
25/05/2019 14:14:30.948,-172,0.812
25/05/2019 14:14:31.004,-171,0.812
25/05/2019 14:14:31.060,-169,0.812
25/05/2019 14:14:31.116,-168,0.812
25/05/2019 14:14:31.172,-165,0.812
25/05/2019 14:14:31.228,-159,0.812
25/05/2019 14:14:31.284,-154,0.812
25/05/2019 14:14:31.340,-147,0.812
25/05/2019 14:14:31.396,-141,0.812
25/05/2019 14:14:31.444,-133,-0.78
25/05/2019 14:14:31.500,-126,-0.78
25/05/2019 14:14:31.556,-120,-0.78
25/05/2019 14:14:31.612,-113,-0.78
25/05/2019 14:14:31.668,-107,-0.78
25/05/2019 14:14:31.724,-100,-0.78
25/05/2019 14:14:31.780,-91,-0.78
25/05/2019 14:14:31.836,-84,-0.78
25/05/2019 14:14:31.892,-74,-0.78
25/05/2019 14:14:31.948,-66,-0.78
25/05/2019 14:14:32.004,-56,-0.78
25/05/2019 14:14:32.060,-47,-0.78
25/05/2019 14:14:32.116,-40,-0.78
25/05/2019 14:14:32.172,-31,0.76
25/05/2019 14:14:32.228,-24,0.76
25/05/2019 14:14:32.284,-17,0.76
25/05/2019 14:14:32.340,-10,0.76
25/05/2019 14:14:32.396,-5,0.76
25/05/2019 14:14:32.444,0,0.76
25/05/2019 14:14:32.500,3,0.76
25/05/2019 14:14:32.556,6,0.76
25/05/2019 14:14:32.612,10,0.76
25/05/2019 14:14:32.668,12,0.76
25/05/2019 14:14:32.724,14,0.76
25/05/2019 14:14:32.780,16,0.76
25/05/2019 14:14:32.836,18,0.76
25/05/2019 14:14:32.892,20,-0.744
25/05/2019 14:14:32.948,21,-0.744
25/05/2019 14:14:33.004,22,-0.744
25/05/2019 14:14:33.060,23,-0.744
25/05/2019 14:14:33.116,25,-0.744
25/05/2019 14:14:33.172,28,-0.744
25/05/2019 14:14:33.228,30,-0.744
25/05/2019 14:14:33.284,34,-0.744
25/05/2019 14:14:33.340,38,-0.744
25/05/2019 14:14:33.396,43,-0.744
25/05/2019 14:14:33.444,48,-0.744
25/05/2019 14:14:33.500,51,-0.744
25/05/2019 14:14:33.556,55,-0.744
25/05/2019 14:14:33.612,57,-0.744
25/05/2019 14:14:33.668,59,0.732
25/05/2019 14:14:33.724,59,0.732
25/05/2019 14:14:33.780,60,0.732
25/05/2019 14:14:33.836,59,0.732
25/05/2019 14:14:33.892,57,0.732
25/05/2019 14:14:33.948,56,0.732
25/05/2019 14:14:34.004,53,0.732
25/05/2019 14:14:34.060,50,0.732
25/05/2019 14:14:34.116,47,0.732
25/05/2019 14:14:34.172,45,0.732
25/05/2019 14:14:34.228,42,0.732
25/05/2019 14:14:34.284,39,0.732
25/05/2019 14:14:34.340,38,0.732
25/05/2019 14:14:34.444,38,0.732
25/05/2019 14:14:34.500,40,0.732
25/05/2019 14:14:34.556,42,0.732
25/05/2019 14:14:34.612,46,0.732
25/05/2019 14:14:34.668,51,0.732
25/05/2019 14:14:34.724,58,0.732
25/05/2019 14:14:34.780,64,0.732
25/05/2019 14:14:34.836,73,0.732
25/05/2019 14:14:34.892,82,0.732
25/05/2019 14:14:34.948,89,0.732
25/05/2019 14:14:35.004,98,0.732
25/05/2019 14:14:35.060,105,0.732
25/05/2019 14:14:35.116,114,0.732
25/05/2019 14:14:35.172,122,-1.456
25/05/2019 14:14:35.228,129,-1.456
25/05/2019 14:14:35.284,137,-1.456
25/05/2019 14:14:35.340,144,-1.456
25/05/2019 14:14:35.396,154,-1.456
25/05/2019 14:14:35.444,164,-1.456
25/05/2019 14:14:35.500,175,-1.456
25/05/2019 14:14:35.556,186,-1.456
25/05/2019 14:14:35.612,196,-1.456
25/05/2019 14:14:35.668,207,-1.456
25/05/2019 14:14:35.724,217,-1.456
25/05/2019 14:14:35.780,224,-1.456
25/05/2019 14:14:35.836,231,-1.456
25/05/2019 14:14:35.892,235,0.72
25/05/2019 14:14:35.948,237,0.72
25/05/2019 14:14:36.004,238,0.72
25/05/2019 14:14:36.060,237,0.72
25/05/2019 14:14:36.116,235,0.72
25/05/2019 14:14:36.172,233,0.72
25/05/2019 14:14:36.228,229,0.72
25/05/2019 14:14:36.284,225,0.72
25/05/2019 14:14:36.340,221,0.72
25/05/2019 14:14:36.396,215,0.72
25/05/2019 14:14:36.444,210,0.72
25/05/2019 14:14:36.500,203,0.72
25/05/2019 14:14:36.556,195,0.72
25/05/2019 14:14:36.612,187,0.72
25/05/2019 14:14:36.668,176,-0.708
25/05/2019 14:14:36.724,167,-0.708
25/05/2019 14:14:36.780,156,-0.708
25/05/2019 14:14:36.836,144,-0.708
25/05/2019 14:14:36.892,135,-0.708
25/05/2019 14:14:36.948,125,-0.708
25/05/2019 14:14:37.004,115,-0.708
25/05/2019 14:14:37.060,104,-0.708
25/05/2019 14:14:37.116,94,-0.708
25/05/2019 14:14:37.172,85,-0.708
25/05/2019 14:14:37.228,75,-0.708
25/05/2019 14:14:37.284,67,-0.708
25/05/2019 14:14:37.340,57,-0.708
25/05/2019 14:14:37.396,47,0.792
25/05/2019 14:14:37.444,40,0.792
25/05/2019 14:14:37.500,30,0.792
25/05/2019 14:14:37.556,24,0.792
25/05/2019 14:14:37.612,16,0.792
25/05/2019 14:14:37.668,8,0.792
25/05/2019 14:14:37.724,3,0.792
25/05/2019 14:14:37.780,-2,0.792
25/05/2019 14:14:37.836,-7,0.792
25/05/2019 14:14:37.892,-12,0.792
25/05/2019 14:14:37.948,-16,0.792
25/05/2019 14:14:38.004,-20,0.792
25/05/2019 14:14:38.060,-24,0.792
25/05/2019 14:14:38.116,-27,-0.812
25/05/2019 14:14:38.172,-31,-0.812
25/05/2019 14:14:38.228,-35,-0.812
25/05/2019 14:14:38.284,-38,-0.812
25/05/2019 14:14:38.340,-41,-0.812
25/05/2019 14:14:38.396,-44,-0.812
25/05/2019 14:14:38.444,-48,-0.812
25/05/2019 14:14:38.500,-53,-0.812
25/05/2019 14:14:38.556,-56,-0.812
25/05/2019 14:14:38.612,-60,-0.812
25/05/2019 14:14:38.668,-63,-0.812
25/05/2019 14:14:38.724,-67,-0.812
25/05/2019 14:14:38.780,-70,-0.812
25/05/2019 14:14:38.836,-73,-0.812
25/05/2019 14:14:38.892,-76,-0.812
25/05/2019 14:14:38.948,-78,-0.812
25/05/2019 14:14:39.004,-82,-0.812
25/05/2019 14:14:39.060,-86,-0.812
25/05/2019 14:14:39.116,-94,0.844
25/05/2019 14:14:39.172,-103,0.844
25/05/2019 14:14:39.228,-115,0.844
25/05/2019 14:14:39.284,-130,0.844
25/05/2019 14:14:39.340,-146,0.844
25/05/2019 14:14:39.396,-158,0.844
25/05/2019 14:14:39.444,-175,0.844
25/05/2019 14:14:39.500,-187,0.844
25/05/2019 14:14:39.556,-200,0.844
25/05/2019 14:14:39.612,-212,0.844
25/05/2019 14:14:39.668,-221,0.844
25/05/2019 14:14:39.724,-230,0.844
25/05/2019 14:14:39.780,-237,0.844
25/05/2019 14:14:39.836,-243,-0.86
25/05/2019 14:14:39.892,-247,-0.86
25/05/2019 14:14:39.948,-249,-0.86
25/05/2019 14:14:40.004,-251,-0.86
25/05/2019 14:14:40.060,-251,-0.86
25/05/2019 14:14:40.116,-251,-0.86
25/05/2019 14:14:40.172,-249,-0.86
25/05/2019 14:14:40.228,-248,-0.86
25/05/2019 14:14:40.284,-247,-0.86
25/05/2019 14:14:40.340,-244,-0.86
25/05/2019 14:14:40.396,-237,-0.86
25/05/2019 14:14:40.444,-227,-0.86
25/05/2019 14:14:40.500,-214,-0.86
25/05/2019 14:14:40.556,-197,-0.86
25/05/2019 14:14:40.612,-179,0.828
25/05/2019 14:14:40.668,-156,0.828
25/05/2019 14:14:40.724,-129,0.828
25/05/2019 14:14:40.780,-107,0.828
25/05/2019 14:14:40.836,-79,0.828
25/05/2019 14:14:40.892,-55,0.828
25/05/2019 14:14:40.948,-29,0.828
25/05/2019 14:14:41.004,-4,0.828
25/05/2019 14:14:41.060,14,0.828
25/05/2019 14:14:41.116,36,0.828
25/05/2019 14:14:41.172,53,0.828
25/05/2019 14:14:41.228,72,0.828
25/05/2019 14:14:41.284,90,0.828
25/05/2019 14:14:41.340,104,0.828
25/05/2019 14:14:41.444,119,0.828
25/05/2019 14:14:41.500,129,0.828
25/05/2019 14:14:41.556,140,0.828
25/05/2019 14:14:41.612,147,-0.812
25/05/2019 14:14:41.668,150,-0.812
25/05/2019 14:14:41.724,151,-0.812
25/05/2019 14:14:41.780,150,-0.812
25/05/2019 14:14:41.836,146,-0.812
25/05/2019 14:14:41.892,140,-0.812
25/05/2019 14:14:41.948,133,-0.812
25/05/2019 14:14:42.004,123,-0.812
25/05/2019 14:14:42.060,113,-0.812
25/05/2019 14:14:42.116,101,-0.812
25/05/2019 14:14:42.172,89,-0.812
25/05/2019 14:14:42.228,78,-0.812
25/05/2019 14:14:42.284,65,-0.812
25/05/2019 14:14:42.340,55,-0.812
25/05/2019 14:14:42.396,44,0.788
25/05/2019 14:14:42.444,32,0.788
25/05/2019 14:14:42.500,22,0.788
25/05/2019 14:14:42.556,10,0.788
25/05/2019 14:14:42.612,0,0.788
25/05/2019 14:14:42.668,-13,0.788
25/05/2019 14:14:42.724,-26,0.788
25/05/2019 14:14:42.780,-39,0.788
25/05/2019 14:14:42.836,-53,0.788
25/05/2019 14:14:42.892,-66,0.788
25/05/2019 14:14:42.948,-79,0.788
25/05/2019 14:14:43.004,-92,0.788
25/05/2019 14:14:43.060,-102,0.788
25/05/2019 14:14:43.116,-113,-0.772
25/05/2019 14:14:43.172,-121,-0.772
25/05/2019 14:14:43.228,-129,-0.772
25/05/2019 14:14:43.284,-135,-0.772
25/05/2019 14:14:43.340,-138,-0.772
25/05/2019 14:14:43.396,-141,-0.772
25/05/2019 14:14:43.444,-141,-0.772
25/05/2019 14:14:43.500,-141,-0.772
25/05/2019 14:14:43.556,-139,-0.772
25/05/2019 14:14:43.612,-135,-0.772
25/05/2019 14:14:43.668,-131,-0.772
25/05/2019 14:14:43.724,-126,-0.772
25/05/2019 14:14:43.780,-119,-0.772
25/05/2019 14:14:43.836,-112,0.732
25/05/2019 14:14:43.892,-106,0.732
25/05/2019 14:14:43.948,-98,0.732
25/05/2019 14:14:44.004,-90,0.732
25/05/2019 14:14:44.060,-80,0.732
25/05/2019 14:14:44.116,-72,0.732
25/05/2019 14:14:44.172,-63,0.732
25/05/2019 14:14:44.228,-52,0.732
25/05/2019 14:14:44.284,-45,0.732
25/05/2019 14:14:44.340,-34,0.732
25/05/2019 14:14:44.396,-24,0.732
25/05/2019 14:14:44.444,-15,0.732
25/05/2019 14:14:44.500,-6,0.732
25/05/2019 14:14:44.556,2,-0.688
25/05/2019 14:14:44.612,10,-0.688
25/05/2019 14:14:44.668,19,-0.688
25/05/2019 14:14:44.724,25,-0.688
25/05/2019 14:14:44.780,33,-0.688
25/05/2019 14:14:44.836,38,-0.688
25/05/2019 14:14:44.892,44,-0.688
25/05/2019 14:14:44.948,49,-0.688
25/05/2019 14:14:45.004,53,-0.688
25/05/2019 14:14:45.060,56,0.648
25/05/2019 14:14:45.116,58,0.648
25/05/2019 14:14:45.172,60,0.648
25/05/2019 14:14:45.228,60,0.648
25/05/2019 14:14:45.284,60,0.648
25/05/2019 14:14:45.340,59,0.648
25/05/2019 14:14:45.396,58,0.648
25/05/2019 14:14:45.444,56,0.648
25/05/2019 14:14:45.500,55,0.648
25/05/2019 14:14:45.556,57,0.648
25/05/2019 14:14:45.612,61,0.648
25/05/2019 14:14:45.668,66,0.648
25/05/2019 14:14:45.724,76,0.648
25/05/2019 14:14:45.780,87,0.648
25/05/2019 14:14:45.836,97,-0.66
25/05/2019 14:14:45.892,109,-0.66
25/05/2019 14:14:45.948,119,-0.66
25/05/2019 14:14:46.004,129,-0.66
25/05/2019 14:14:46.060,138,-0.66
25/05/2019 14:14:46.116,144,-0.66
25/05/2019 14:14:46.172,149,-0.66
25/05/2019 14:14:46.228,153,-0.66
25/05/2019 14:14:46.284,155,-0.66
25/05/2019 14:14:46.340,155,-0.66
25/05/2019 14:14:46.396,156,-0.66
25/05/2019 14:14:46.444,156,-0.66
25/05/2019 14:14:46.500,157,-0.66
25/05/2019 14:14:46.556,159,0.652
25/05/2019 14:14:46.612,162,0.652
25/05/2019 14:14:46.668,163,0.652
25/05/2019 14:14:46.724,165,0.652
25/05/2019 14:14:46.780,165,0.652
25/05/2019 14:14:46.836,165,0.652
25/05/2019 14:14:46.892,163,0.652
25/05/2019 14:14:46.948,160,0.652
25/05/2019 14:14:47.004,154,0.652
25/05/2019 14:14:47.060,148,-0.676
25/05/2019 14:14:47.116,137,-0.676
25/05/2019 14:14:47.172,124,-0.676
25/05/2019 14:14:47.228,110,-0.676
25/05/2019 14:14:47.284,93,-0.676
25/05/2019 14:14:47.340,75,-0.676
25/05/2019 14:14:47.396,55,-0.676
25/05/2019 14:14:47.444,33,-0.676
25/05/2019 14:14:47.500,14,-0.676
25/05/2019 14:14:47.556,-6,-0.676
25/05/2019 14:14:47.612,-24,-0.676
25/05/2019 14:14:47.668,-44,-0.676
25/05/2019 14:14:47.724,-65,-0.676
25/05/2019 14:14:47.780,-80,0.776
25/05/2019 14:14:47.836,-97,0.776
25/05/2019 14:14:47.892,-111,0.776
25/05/2019 14:14:47.948,-127,0.776
25/05/2019 14:14:48.004,-143,0.776
25/05/2019 14:14:48.060,-154,0.776
25/05/2019 14:14:48.116,-166,0.776
25/05/2019 14:14:48.172,-175,0.776
25/05/2019 14:14:48.228,-183,0.776
25/05/2019 14:14:48.284,-190,0.776
25/05/2019 14:14:48.340,-194,0.776
25/05/2019 14:14:48.444,-198,0.776
25/05/2019 14:14:48.500,-198,0.776
25/05/2019 14:14:48.556,-199,-0.744
25/05/2019 14:14:48.612,-197,-0.744
25/05/2019 14:14:48.668,-195,-0.744
25/05/2019 14:14:48.724,-191,-0.744
25/05/2019 14:14:48.780,-187,-0.744
25/05/2019 14:14:48.836,-182,-0.744
25/05/2019 14:14:48.892,-176,-0.744
25/05/2019 14:14:48.948,-171,-0.744
25/05/2019 14:14:49.004,-163,-0.744
25/05/2019 14:14:49.060,-157,-0.744
25/05/2019 14:14:49.116,-150,-0.744
25/05/2019 14:14:49.172,-142,-0.744
25/05/2019 14:14:49.228,-135,-0.744
25/05/2019 14:14:49.284,-128,-0.744
25/05/2019 14:14:49.340,-122,0.728
25/05/2019 14:14:49.396,-116,0.728
25/05/2019 14:14:49.444,-109,0.728
25/05/2019 14:14:49.500,-104,0.728
25/05/2019 14:14:49.556,-99,0.728
25/05/2019 14:14:49.612,-96,0.728
25/05/2019 14:14:49.668,-92,0.728
25/05/2019 14:14:49.724,-90,0.728
25/05/2019 14:14:49.780,-89,0.728
25/05/2019 14:14:49.836,-88,0.728
25/05/2019 14:14:49.892,-89,0.728
25/05/2019 14:14:49.948,-89,0.728
25/05/2019 14:14:50.004,-88,0.728
25/05/2019 14:14:50.060,-89,-0.72
25/05/2019 14:14:50.116,-88,-0.72
25/05/2019 14:14:50.172,-87,-0.72
25/05/2019 14:14:50.228,-83,-0.72
25/05/2019 14:14:50.284,-78,-0.72
25/05/2019 14:14:50.340,-73,-0.72
25/05/2019 14:14:50.396,-65,-0.72
25/05/2019 14:14:50.444,-57,-0.72
25/05/2019 14:14:50.500,-48,-0.72
25/05/2019 14:14:50.556,-38,-0.72
25/05/2019 14:14:50.612,-29,-0.72
25/05/2019 14:14:50.668,-20,-0.72
25/05/2019 14:14:50.724,-13,-0.72
25/05/2019 14:14:50.780,-4,0.708
25/05/2019 14:14:50.836,2,0.708
25/05/2019 14:14:50.892,7,0.708
25/05/2019 14:14:50.948,12,0.708
25/05/2019 14:14:51.004,16,0.708
25/05/2019 14:14:51.060,22,0.708
25/05/2019 14:14:51.116,28,0.708
25/05/2019 14:14:51.172,35,0.708
25/05/2019 14:14:51.228,42,0.708
25/05/2019 14:14:51.284,48,0.708
25/05/2019 14:14:51.340,54,0.708
25/05/2019 14:14:51.396,59,0.708
25/05/2019 14:14:51.444,62,0.708
25/05/2019 14:14:51.500,63,-0.688
25/05/2019 14:14:51.556,62,-0.688
25/05/2019 14:14:51.612,61,-0.688
25/05/2019 14:14:51.668,58,-0.688
25/05/2019 14:14:51.724,55,-0.688
25/05/2019 14:14:51.780,51,-0.688
25/05/2019 14:14:51.836,47,-0.688
25/05/2019 14:14:51.892,43,-0.688
25/05/2019 14:14:51.948,40,-0.688
25/05/2019 14:14:52.004,38,-0.688
25/05/2019 14:14:52.060,35,-0.688
25/05/2019 14:14:52.116,34,-0.688
25/05/2019 14:14:52.172,31,-0.688
25/05/2019 14:14:52.228,29,-0.688
25/05/2019 14:14:52.284,27,0.696
25/05/2019 14:14:52.340,24,0.696
25/05/2019 14:14:52.396,23,0.696
25/05/2019 14:14:52.444,23,0.696
25/05/2019 14:14:52.500,24,0.696
25/05/2019 14:14:52.556,26,0.696
25/05/2019 14:14:52.612,28,0.696
25/05/2019 14:14:52.668,30,0.696
25/05/2019 14:14:52.724,31,0.696
25/05/2019 14:14:52.780,32,0.696
25/05/2019 14:14:52.836,33,0.696
25/05/2019 14:14:52.892,32,0.696
25/05/2019 14:14:52.948,33,0.696
25/05/2019 14:14:53.004,34,-0.716
25/05/2019 14:14:53.060,34,-0.716
25/05/2019 14:14:53.116,35,-0.716
25/05/2019 14:14:53.172,38,-0.716
25/05/2019 14:14:53.228,41,-0.716
25/05/2019 14:14:53.284,44,-0.716
25/05/2019 14:14:53.340,46,-0.716
25/05/2019 14:14:53.396,48,-0.716
25/05/2019 14:14:53.444,49,-0.716
25/05/2019 14:14:53.500,48,0.692
25/05/2019 14:14:53.556,46,0.692
25/05/2019 14:14:53.612,44,0.692
25/05/2019 14:14:53.668,44,0.692
25/05/2019 14:14:53.724,43,0.692
25/05/2019 14:14:53.780,44,0.692
25/05/2019 14:14:53.836,46,0.692
25/05/2019 14:14:53.892,53,0.692
25/05/2019 14:14:53.948,60,0.692
25/05/2019 14:14:54.004,73,-0.372
25/05/2019 14:14:54.060,84,-0.372
25/05/2019 14:14:54.116,100,-0.372
25/05/2019 14:14:54.172,114,-0.372
25/05/2019 14:14:54.228,124,-0.372
25/05/2019 14:14:54.284,130,-0.372
25/05/2019 14:14:54.340,133,-0.372
25/05/2019 14:14:54.396,129,-0.372
25/05/2019 14:14:54.444,118,-0.372
25/05/2019 14:14:54.500,103,0.484
25/05/2019 14:14:54.556,84,0.484
25/05/2019 14:14:54.612,66,0.484
25/05/2019 14:14:54.668,48,0.484
25/05/2019 14:14:54.724,34,0.484
25/05/2019 14:14:54.780,27,0.484
25/05/2019 14:14:54.836,23,0.484
25/05/2019 14:14:54.892,23,0.484
25/05/2019 14:14:54.948,25,-0.532
25/05/2019 14:14:55.004,28,-0.532
25/05/2019 14:14:55.060,32,-0.532
25/05/2019 14:14:55.116,35,-0.532
25/05/2019 14:14:55.172,38,-0.532
25/05/2019 14:14:55.228,39,-0.532
25/05/2019 14:14:55.284,40,-0.532
25/05/2019 14:14:55.340,39,-0.532
25/05/2019 14:14:55.444,37,-0.532
25/05/2019 14:14:55.500,35,-0.532
25/05/2019 14:14:55.556,30,-0.532
25/05/2019 14:14:55.612,24,-0.532
25/05/2019 14:14:55.668,19,-0.532
25/05/2019 14:14:55.724,11,-0.532
25/05/2019 14:14:55.780,5,0.7
25/05/2019 14:14:55.836,-2,0.7
25/05/2019 14:14:55.892,-10,0.7
25/05/2019 14:14:55.948,-16,0.7
25/05/2019 14:14:56.004,-22,0.7
25/05/2019 14:14:56.060,-26,0.7
25/05/2019 14:14:56.116,-29,0.7
25/05/2019 14:14:56.172,-32,0.7
25/05/2019 14:14:56.228,-33,0.7
25/05/2019 14:14:56.284,-35,0.7
25/05/2019 14:14:56.340,-35,0.7
25/05/2019 14:14:56.396,-35,0.7
25/05/2019 14:14:56.444,-35,0.7
25/05/2019 14:14:56.500,-35,-0.708
25/05/2019 14:14:56.556,-34,-0.708
25/05/2019 14:14:56.612,-34,-0.708
25/05/2019 14:14:56.668,-34,-0.708
25/05/2019 14:14:56.724,-36,-0.708
25/05/2019 14:14:56.780,-37,-0.708
25/05/2019 14:14:56.836,-40,-0.708
25/05/2019 14:14:56.892,-42,-0.708
25/05/2019 14:14:56.948,-45,-0.708
25/05/2019 14:14:57.004,-47,0.652
25/05/2019 14:14:57.060,-49,0.652
25/05/2019 14:14:57.116,-51,0.652
25/05/2019 14:14:57.172,-51,0.652
25/05/2019 14:14:57.228,-52,0.652
25/05/2019 14:14:57.284,-53,0.652
25/05/2019 14:14:57.340,-52,0.652
25/05/2019 14:14:57.396,-53,0.652
25/05/2019 14:14:57.444,-53,0.652
25/05/2019 14:14:57.500,-54,0.652
25/05/2019 14:14:57.556,-57,0.652
25/05/2019 14:14:57.612,-59,0.652
25/05/2019 14:14:57.668,-62,0.652
25/05/2019 14:14:57.724,-64,-0.584
25/05/2019 14:14:57.780,-65,-0.584
25/05/2019 14:14:57.836,-67,-0.584
25/05/2019 14:14:57.892,-69,-0.584
25/05/2019 14:14:57.948,-69,-0.584
25/05/2019 14:14:58.004,-70,0.2
25/05/2019 14:14:58.060,-69,0.2
25/05/2019 14:14:58.116,-68,0.2
25/05/2019 14:14:58.172,-66,0.2
25/05/2019 14:14:58.228,-63,0.2
25/05/2019 14:14:58.284,-61,0.2
25/05/2019 14:14:58.340,-57,0.2
25/05/2019 14:14:58.396,-53,0.2
25/05/2019 14:14:58.444,-50,0.2
25/05/2019 14:14:58.500,-45,0.2
25/05/2019 14:14:58.556,-40,0.2
25/05/2019 14:14:58.612,-34,0.2
25/05/2019 14:14:58.668,-28,0.2
25/05/2019 14:14:58.724,-22,0.2
25/05/2019 14:14:58.780,-13,0.2
25/05/2019 14:14:58.836,-6,0.2
25/05/2019 14:14:58.892,5,0.2
25/05/2019 14:14:58.948,18,0.2
25/05/2019 14:14:59.004,30,0.2
25/05/2019 14:14:59.060,46,0.2
25/05/2019 14:14:59.116,59,0.2
25/05/2019 14:14:59.172,74,0.2
25/05/2019 14:14:59.228,87,0.2
25/05/2019 14:14:59.284,97,0.2
25/05/2019 14:14:59.340,107,0.2
25/05/2019 14:14:59.396,113,0.2
